cpu name;passmark cpu score
AMD Ryzen Threadripper 3990X;76434
AMD EPYC 7742;60609
AMD Ryzen Threadripper 3970X;60148
AMD EPYC 7702P;58092
AMD Ryzen Threadripper 3960X;54925
AMD EPYC 7452;48244
AMD Ryzen 9 3950X;39327
AMD EPYC 7302P;39085
AMD EPYC 7402P;35676
AMD EPYC 7502P;34599
Intel Core i9-9980XE @ 3.00GHz;33498
AMD Ryzen 9 3900X;32812
Intel Core i9-10980XE @ 3.00GHz;32773
AMD Ryzen 9 PRO 3900;32193
Intel Xeon W-3275M @ 2.50GHz;31812
AMD Ryzen 9 3900;31227
Intel Xeon W-3175X @ 3.10GHz;30802
AMD Ryzen Threadripper 2950X;30714
Intel Xeon W-3265 @ 2.70GHz;29106
Intel Xeon Platinum 8268 @ 2.90GHz;29104
Intel Core i9-10940X @ 3.30GHz;28884
Intel Core i9-7980XE @ 2.60GHz;28042
Intel Xeon Gold 6254 @ 3.10GHz;27570
AMD Ryzen Threadripper 2990WX;27333
AMD Ryzen Threadripper 1950X;26767
Intel Core i9-9940X @ 3.30GHz;26764
Intel Xeon Platinum 8168 @ 2.70GHz;26754
Intel Xeon Gold 6212U @ 2.40GHz;26558
Intel Xeon Platinum 8173M @ 2.00GHz;26505
Intel Core i9-7940X @ 3.10GHz;26370
Intel Xeon Gold 6210U @ 2.50GHz;26230
Intel Core i9-9960X @ 3.10GHz;26103
AMD EPYC 7262;26093
Intel Xeon Platinum 8175M @ 2.50GHz;25811
Intel Xeon Platinum 8259CL @ 2.50GHz;25621
Intel Xeon Gold 6154 @ 3.00GHz;25461
AMD Ryzen Threadripper 2920X;24834
Intel Core i9-10920X @ 3.50GHz;24669
Intel Xeon Platinum 8124M @ 3.00GHz;24646
Intel Xeon Gold 6143 @ 2.80GHz;23997
AMD Ryzen Threadripper 1920X;23951
Intel Core i9-7960X @ 2.80GHz;23873
Intel Xeon W-3235 @ 3.30GHz;23658
Intel Xeon Gold 6246 @ 3.30GHz;23635
AMD Ryzen 7 PRO 3700;23471
Intel Core i9-7920X @ 2.90GHz;23383
Intel Xeon Gold 6148 @ 2.40GHz;23365
Intel Xeon Gold 6138 @ 2.00GHz;23347
Intel Xeon Gold 6242 @ 2.80GHz;23248
AMD Ryzen 7 3800X;23175
Intel Core i9-9920X @ 3.50GHz;23173
AMD Ryzen 7 3700X;22796
AMD EPYC 7371;22775
Intel Xeon W-2195 @ 2.30GHz;22739
Intel Xeon W-2175 @ 2.50GHz;22583
Intel Xeon W-2170B @ 2.50GHz;22558
Intel Xeon Gold 6230 @ 2.10GHz;22556
Intel Xeon Platinum 8176 @ 2.10GHz;22441
Intel Core i9-10900X @ 3.70GHz;22349
Intel Xeon Gold 6146 @ 3.20GHz;22282
Intel Xeon Platinum 8160 @ 2.10GHz;22264
AMD Ryzen Threadripper 2970WX;22089
AMD EPYC 7571;22044
Intel Xeon Gold 6140 @ 2.30GHz;22010
Intel Xeon Gold 6132 @ 2.60GHz;21957
Intel Core i9-7900X @ 3.30GHz;21655
Intel Xeon Gold 6152 @ 2.10GHz;21581
AMD EPYC 7401P;21371
Intel Core i9-9900X @ 3.50GHz;21205
Intel Core i9-9820X @ 3.30GHz;20685
Intel Xeon W-2155 @ 3.30GHz;20338
AMD EPYC 7501;20020
Intel Core i9-9900KS @ 4.00GHz;20020
Intel Xeon W-2150B @ 3.00GHz;19685
AMD EPYC 7551;19534
AMD Ryzen Threadripper 2990X;19522
AMD EPYC 7551P;19492
Intel Xeon E5-2679 v4 @ 2.50GHz;19320
Intel Xeon Gold 6136 @ 3.00GHz;19318
Intel Core i9-9900KF @ 3.60GHz;19261
AMD EPYC 7351;19109
Intel Core i9-9900K @ 3.60GHz;18993
Intel Xeon Gold 5218 @ 2.30GHz;18940
Intel Xeon Gold 6137 @ 3.90GHz;18748
Intel Core i7-7900X @ 3.30GHz;18742
Intel Xeon E5-2699 v4 @ 2.20GHz;18684
Intel Xeon Gold 6126 @ 2.60GHz;18611
AMD Ryzen 5 PRO 3600;18564
Intel Xeon W-2145 @ 3.70GHz;18522
AMD Ryzen 5 3600X;18394
Intel Core i7-9800X @ 3.80GHz;18236
Intel Xeon D-2187NT @ 2.00GHz;18131
Intel Xeon Gold 6144 @ 3.50GHz;18063
Intel Xeon Gold 6130 @ 2.10GHz;18041
Intel Xeon Silver 4216 @ 2.10GHz;17945
AMD Ryzen 7 2700X;17898
Intel Xeon Gold 6226 @ 2.70GHz;17850
AMD Ryzen 5 3600;17838
Intel Xeon D-2183IT @ 2.20GHz;17800
AMD Ryzen Threadripper 1900X;17764
Intel Xeon E5-2699A v4 @ 2.40GHz;17568
Intel Core i7-6950X @ 3.00GHz;17543
Intel Xeon E5-2697A v4 @ 2.60GHz;17478
Intel Core i7-7820X @ 3.60GHz;17416
Intel Xeon W-2140B @ 3.20GHz;17101
Intel Core i9-9900 @ 3.10GHz;17084
Intel Xeon Gold 6134 @ 3.20GHz;16721
Intel Xeon Gold 5120T @ 2.20GHz;16666
AMD EPYC 7451;16657
Intel Xeon Gold 5120 @ 2.20GHz;16449
AMD Ryzen 7 1800X;16396
AMD Ryzen 7 PRO 2700X;16392
AMD Ryzen 7 PRO 1700X;16374
Intel Xeon E5-2699 v3 @ 2.30GHz;16307
Intel Xeon E5-2690 v4 @ 2.60GHz;16266
Intel Xeon E5-2696 v4 @ 2.20GHz;16199
Intel Core i7-10750H @ 2.60GHz;16137
Intel Xeon E5-2673 v4 @ 2.30GHz;16132
Intel Xeon E5-2669 v3 @ 2.30GHz;16107
Intel Xeon Silver 4214 @ 2.20GHz;16103
Intel Xeon E5-2697 v4 @ 2.30GHz;16085
Intel Xeon E5-2696 v3 @ 2.30GHz;16083
Intel Xeon E5-2698 v4 @ 2.20GHz;16076
Intel Xeon E-2288G @ 3.70GHz;16039
AMD Ryzen 7 2700;16021
Intel Xeon E5-2697 v3 @ 2.60GHz;15971
Intel Xeon E-2286M @ 2.40GHz;15958
Intel Xeon E5-2682 v4 @ 2.50GHz;15889
Intel Core i9-9980HK @ 2.40GHz;15762
AMD EPYC 7351P;15733
Intel Xeon E5-2695 v4 @ 2.10GHz;15639
AMD Ryzen 7 1700X;15630
Intel Xeon E5-2690 v3 @ 2.60GHz;15620
Intel Xeon E5-2686 v4 @ 2.30GHz;15407
Intel Xeon E5-2687W v4 @ 3.00GHz;15376
Intel Xeon E5-2689 v4 @ 3.10GHz;15371
Intel Core i7-9700KF @ 3.60GHz;15316
Intel Xeon Gold 5117 @ 2.00GHz;15313
AMD Ryzen 7 PRO 2700;15246
Intel Xeon E5-2698 v3 @ 2.30GHz;15170
Intel Xeon E5-2680 v4 @ 2.40GHz;15102
Intel Xeon Gold 5118 @ 2.30GHz;15095
Intel Xeon W-2225 @ 4.10GHz;14935
Intel Xeon W-2135 @ 3.70GHz;14884
Intel Core i7-9700K @ 3.60GHz;14874
Intel Xeon E5-4669 v3 @ 2.10GHz;14845
Intel Xeon E5-2680 v3 @ 2.50GHz;14691
Intel Xeon E5-2683 v4 @ 2.10GHz;14677
Intel Xeon D-2166NT @ 2.00GHz;14624
Intel Xeon Silver 4210 @ 2.20GHz;14601
AMD Ryzen 7 PRO 1700;14469
AMD Ryzen 7 1700;14453
AMD Ryzen 5 2600X;14447
Intel Xeon E-2278G @ 3.40GHz;14442
Intel Xeon Silver 4116 @ 2.10GHz;14314
Intel Core i7-9700 @ 3.00GHz;14307
Intel Core i7-8086K @ 4.00GHz;14248
Intel Xeon E5-2695 v3 @ 2.30GHz;14234
Intel Xeon D-1567 @ 2.10GHz;14210
Intel Core i7-8700K @ 3.70GHz;14204
Intel Xeon D-1587 @ 1.70GHz;14190
Intel Core i7-9700F @ 3.00GHz;14163
Intel Xeon Silver 4215 @ 2.50GHz;13960
Intel Xeon Silver 4123 @ 3.00GHz;13947
Intel Core i9-9880H @ 2.30GHz;13917
Intel Xeon E-2246G @ 3.60GHz;13875
Intel Xeon Gold 6128 @ 3.40GHz;13819
AMD Ryzen 5 3500X;13769
Intel Xeon E5-1681 v3 @ 2.90GHz;13737
Intel Xeon E-2286G @ 4.00GHz;13737
Intel Core i7-6900K @ 3.20GHz;13696
Intel Xeon E-2176G @ 3.70GHz;13641
AMD Ryzen 7 2700E;13616
Intel Core i7-8700 @ 3.20GHz;13546
Intel Xeon E5-2667 v4 @ 3.20GHz;13539
Intel Xeon E5-2686 v3 @ 2.00GHz;13483
Intel Core i7-7800X @ 3.50GHz;13475
AMD Ryzen 5 2600;13467
Intel Core i9-9900T @ 2.10GHz;13413
Intel Xeon E5-2687W v3 @ 3.10GHz;13386
Intel Xeon E5-2676 v3 @ 2.40GHz;13354
Intel Xeon E5-1680 v4 @ 3.40GHz;13324
Intel Xeon E-2136 @ 3.30GHz;13308
AMD Ryzen 5 1600X;13277
Intel Xeon Silver 4114 @ 2.20GHz;13200
Intel Xeon E5-2660 v3 @ 2.60GHz;13198
Intel Xeon E5-2660 v4 @ 2.00GHz;13196
Intel Xeon E5-2696 v2 @ 2.50GHz;13106
Intel Xeon E5-2658 v4 @ 2.30GHz;13036
Intel Xeon E-2186G @ 3.80GHz;12981
Intel Xeon E5-2683 v3 @ 2.00GHz;12944
Intel Core i7-9750HF @ 2.60GHz;12932
Intel Xeon E5-2678 v3 @ 2.50GHz;12913
Intel Xeon E-2146G @ 3.50GHz;12874
Intel Xeon W-2133 @ 3.60GHz;12866
Intel Xeon E-2236 @ 3.40GHz;12842
AMD Ryzen 5 PRO 2600;12770
Intel Xeon E5-1680 v3 @ 3.20GHz;12733
Intel Xeon E5-2670 v3 @ 2.30GHz;12718
Intel Xeon D-2143IT @ 2.20GHz;12690
Intel Xeon E5-1660 v4 @ 3.20GHz;12626
AMD Ryzen 5 1600;12557
Intel Xeon E5-2695 v2 @ 2.40GHz;12537
Intel Xeon E5-2690 v2 @ 3.00GHz;12535
AMD Ryzen 5 3500;12511
Intel Xeon E5-2658 v3 @ 2.20GHz;12501
AMD EPYC 7251;12483
Intel Xeon E5-4667 v3 @ 2.00GHz;12403
Intel Core i7-5960X @ 3.00GHz;12368
AMD EPYC 3251;12355
Intel Xeon E5-2680 v2 @ 2.80GHz;12264
Intel Xeon E5-4660 v3 @ 2.10GHz;12227
Intel Xeon E-2276G @ 3.80GHz;12216
Intel Xeon E5-2673 v3 @ 2.40GHz;12206
Intel Core i7-8700B @ 3.20GHz;12198
Intel Xeon E5-2667 v2 @ 3.30GHz;12091
Intel Xeon E5-4627 v4 @ 2.60GHz;12089
Intel Xeon Silver 4208 @ 2.10GHz;12047
AMD EPYC 7301;12041
Intel Xeon E5-2667 v3 @ 3.20GHz;12020
Intel Xeon E5-2685 v3 @ 2.60GHz;11998
Intel Xeon E5-2650 v4 @ 2.20GHz;11991
Intel Xeon E5-2640 v4 @ 2.40GHz;11973
Intel Core i7-9850H @ 2.60GHz;11909
Intel Xeon E5-2650 v3 @ 2.30GHz;11877
Intel Xeon E5-1660 v3 @ 3.00GHz;11829
Intel Xeon E-2186M @ 2.90GHz;11803
Intel Xeon D-2141I @ 2.20GHz;11789
Intel Xeon E-2276M @ 2.80GHz;11766
Intel Xeon E5-2697 v2 @ 2.70GHz;11752
Intel Xeon E-2176M @ 2.70GHz;11690
Intel Core i7-9750H @ 2.60GHz;11636
Intel Core i7-6850K @ 3.60GHz;11554
Intel Xeon E5-2687W v2 @ 3.40GHz;11520
Intel Xeon E5-2673 v2 @ 3.30GHz;11499
Intel Xeon E5-1680 v2 @ 3.00GHz;11489
Intel Xeon E-2126G @ 3.30GHz;11398
Intel Xeon E-2278GEL @ 2.00GHz;11372
Intel Core i5-9600K @ 3.70GHz;11236
Intel Core i5-9600 @ 3.10GHz;11193
Intel Xeon E5-2630 v4 @ 2.20GHz;11155
Intel Core i9-8950HK @ 2.90GHz;11135
Intel Xeon E5-2649 v3 @ 2.30GHz;11108
AMD Ryzen 5 PRO 1600;11100
Intel Xeon E5-2675 v3 @ 1.80GHz;11086
Intel Xeon E5-2618L v4 @ 2.20GHz;11079
Intel Xeon D-2146NT @ 2.30GHz;11074
Intel Xeon E5-1650 v4 @ 3.60GHz;11073
Intel Xeon E5-4627 v3 @ 2.60GHz;11061
Intel Xeon E5-2692 v2 @ 2.20GHz;11060
Intel Core i7-6800K @ 3.40GHz;11048
Intel Core i5-9600KF @ 3.70GHz;11045
Intel Xeon E3-1285L v4 @ 3.40GHz;10994
Intel Xeon E5-2650L v4 @ 1.70GHz;10966
Intel Xeon D-1557 @ 1.50GHz;10951
Intel Xeon D-1541 @ 2.10GHz;10929
Intel Core i7-9700T @ 2.00GHz;10928
Intel Core i7-5775R @ 3.30GHz;10910
Intel Xeon E5-2663 v3 @ 2.80GHz;10881
Intel Xeon E-2226G @ 3.40GHz;10824
Intel Xeon E5-2687W @ 3.10GHz;10800
Intel Core i7-5950HQ @ 2.90GHz;10783
Intel Xeon D-1540 @ 2.00GHz;10741
Intel Xeon Silver 4110 @ 2.10GHz;10730
Intel Xeon E5-4657L v2 @ 2.40GHz;10724
Intel Xeon E5-2643 v3 @ 3.40GHz;10707
Intel Xeon E3-1270L v4 @ 3.00GHz;10691
Intel Xeon E5-4620 v3 @ 2.00GHz;10681
Intel Xeon D-1548 @ 2.00GHz;10680
Intel Core i5-9500F @ 3.00GHz;10679
Intel Xeon W-2125 @ 4.00GHz;10660
Intel Xeon E5-2648L v4 @ 1.80GHz;10625
Intel Xeon E5-4669 v4 @ 2.20GHz;10602
Intel Core i7-5930K @ 3.50GHz;10599
AMD Ryzen 5 PRO 1500;10584
Intel Core i7-10710U @ 1.10GHz;10516
Intel Xeon E3-1285 v4 @ 3.50GHz;10511
Intel Xeon E5-1650 v3 @ 3.50GHz;10467
Intel Xeon E-2244G @ 3.80GHz;10446
Intel Xeon E5-2643 v4 @ 3.40GHz;10430
Intel Core i5-8500B @ 3.00GHz;10426
Intel Core i5-8600K @ 3.60GHz;10421
Intel Core i7-8750H @ 2.20GHz;10418
Intel Xeon @ 2.00GHz;10404
Intel Core i7-9700TE @ 1.80GHz;10370
Intel Xeon E5-2670 v2 @ 2.50GHz;10339
Intel Core i7-8700T @ 2.40GHz;10310
Intel Core i7-8850H @ 2.60GHz;10295
Intel Xeon E5-2670 @ 2.60GHz;10257
Intel Xeon E5-2640 v3 @ 2.60GHz;10225
Intel Xeon E5-2690 @ 2.90GHz;10207
Intel Xeon E5-2628L v4 @ 1.90GHz;10194
AMD EPYC 3201;10182
Intel Xeon E-2274G @ 4.00GHz;10177
Intel Xeon E5-2650L v3 @ 1.80GHz;10150
Intel Xeon E-2174G @ 3.80GHz;10077
Intel Xeon E5-2689 @ 2.60GHz;10036
Intel Xeon Gold 5122 @ 3.60GHz;10033
Intel Xeon Silver 4109T @ 2.00GHz;10019
Intel Core i5-8600 @ 3.10GHz;9996
Intel Xeon E5-2630L v4 @ 1.80GHz;9996
Intel Core i7-7700K @ 4.20GHz;9965
Intel Xeon E5-2630 v3 @ 2.40GHz;9897
Intel Xeon E5-2650 v2 @ 2.60GHz;9854
AMD Ryzen 5 2500X;9853
Intel Xeon E5-2680 @ 2.70GHz;9828
Intel Xeon E3-1285 v6 @ 4.10GHz;9821
Intel Core i7-5850EQ @ 2.70GHz;9817
Intel Xeon E-2144G @ 3.60GHz;9723
Intel Core i5-9400F @ 2.90GHz;9697
Intel Xeon E5-1660 v2 @ 3.70GHz;9673
Intel Xeon D-1531 @ 2.20GHz;9643
AMD Ryzen 5 3400G;9638
Intel Core i5-8500 @ 3.00GHz;9615
Intel Xeon E5-4640 v3 @ 1.90GHz;9614
Intel Core i7-5850HQ @ 2.70GHz;9581
Intel Core i7-7740X @ 4.30GHz;9578
Intel Core i7-4930K @ 3.40GHz;9570
Intel Core i5-9600T @ 2.30GHz;9567
Intel Core i7-8559U @ 2.70GHz;9543
Intel Core i5-10300H @ 2.50GHz;9501
Intel Xeon E5-2618L v3 @ 2.30GHz;9466
AMD Ryzen 5 1500X;9464
Intel Xeon Silver 4108 @ 1.80GHz;9460
Intel Core i7-5820K @ 3.30GHz;9459
Intel Core i7-5775C @ 3.30GHz;9436
Intel Core i5-9500 @ 3.00GHz;9416
AMD Ryzen 5 PRO 3400GE;9377
Intel Xeon E3-1280 v6 @ 3.90GHz;9369
Intel Core i5-9400 @ 2.90GHz;9354
AMD Ryzen 5 PRO 3400G;9353
Intel Core i7-4960X @ 3.60GHz;9351
Intel Core i5-1035G4 @ 1.10GHz;9314
Intel Xeon E5-4655 v3 @ 2.90GHz;9303
Intel Core i7-3960X @ 3.30GHz;9300
Intel Core i5-8400 @ 2.80GHz;9293
Intel Core i7-9850HL @ 1.90GHz;9268
Intel Xeon E5-4650L @ 2.60GHz;9245
Intel Xeon E5-2643 v2 @ 3.50GHz;9242
Intel Xeon E5-2628L v3 @ 2.00GHz;9222
Intel Xeon E3-1270 v6 @ 3.80GHz;9208
Intel Core i7-6700K @ 4.00GHz;9203
AMD Opteron 6348;9151
AMD Ryzen 5 2400G;9141
Intel Core i5-8600T @ 2.30GHz;9140
Intel Core i7-3970X @ 3.50GHz;9112
Intel Core i7-8809G @ 3.10GHz;9076
Intel Xeon E5-2660 v2 @ 2.20GHz;9072
Intel Xeon E3-1265L v4 @ 2.30GHz;9061
Intel Xeon E3-1275 v6 @ 3.80GHz;9031
Intel Core i5-1035G7 @ 1.20GHz;9026
Intel Xeon E5-2658 v2 @ 2.40GHz;8959
Intel Xeon X5679 @ 3.20GHz;8959
Intel Core i7-1065G7 @ 1.30GHz;8923
Intel Xeon W-2123 @ 3.60GHz;8911
Intel Core i7-7700 @ 3.60GHz;8910
Intel Xeon E-2134 @ 3.50GHz;8894
Intel Core i5-3170K @ 3.20GHz;8882
Intel Core i5-9500T @ 2.20GHz;8881
Intel Xeon E5-2665 @ 2.40GHz;8847
Intel Xeon E5-1660 @ 3.30GHz;8802
Intel Xeon E5-2620 v4 @ 2.10GHz;8802
Intel Xeon E5-4650 @ 2.70GHz;8797
Intel Core i7-995X @ 3.60GHz;8774
Intel Xeon E5-1650 v2 @ 3.50GHz;8764
Intel Xeon E5-4627 v2 @ 3.30GHz;8727
Intel Xeon D-1559 @ 1.50GHz;8687
Intel Xeon E3-1245 v6 @ 3.70GHz;8670
Intel Xeon E3-1535M v6 @ 3.10GHz;8642
Intel Core i3-9350KF @ 4.00GHz;8632
AMD Ryzen 5 PRO 2400G;8624
Intel Core i7-8706G @ 3.10GHz;8614
Intel Xeon E3-1240 v6 @ 3.70GHz;8571
Intel Xeon E5-2470 @ 2.30GHz;8548
Intel Core i5-8259U @ 2.30GHz;8543
Intel Core i5-8400H @ 2.50GHz;8513
Intel Xeon E5-1650 @ 3.20GHz;8504
Intel Core i7-5675C @ 3.10GHz;8496
Intel Core i7-990X @ 3.47GHz;8491
AMD Ryzen 3 2300X;8476
AMD Ryzen 7 3750H;8464
Intel Core i5-9400H @ 2.50GHz;8464
Intel Core i5-5675C @ 3.10GHz;8461
Intel Xeon D-1537 @ 1.70GHz;8445
Intel Xeon D-1539 @ 1.60GHz;8444
Intel Xeon E5-2660 @ 2.20GHz;8423
Intel Xeon W3680 @ 3.33GHz;8418
AMD Ryzen 5 2400GE;8410
Intel Xeon E5-2629 v3 @ 2.40GHz;8400
Intel Xeon E5-4648 v3 @ 1.70GHz;8399
Intel Core i5-8257U @ 1.40GHz;8395
Intel Xeon E5-2637 v4 @ 3.50GHz;8381
AMD Ryzen 3 4300U;8364
Intel Xeon E3-1270 v5 @ 3.60GHz;8353
Intel Xeon E3-1585 v5 @ 3.50GHz;8321
Intel Core i3-9320 @ 3.70GHz;8290
Intel Core i5-5675R @ 3.10GHz;8276
Intel Xeon E5-2470 v2 @ 2.40GHz;8274
Intel Xeon E5-4640 @ 2.40GHz;8274
Intel Core i7-4790K @ 4.00GHz;8270
Intel Core i5-8279U @ 2.40GHz;8264
Intel Xeon E-2224 @ 3.40GHz;8249
Intel Core i7-5700EQ @ 2.60GHz;8240
Intel Xeon E5-2667 @ 2.90GHz;8233
Intel Core i5-8500T @ 2.10GHz;8197
Intel Core i7-7920HQ @ 3.10GHz;8196
Intel Core i3-9300 @ 3.70GHz;8187
Intel Core i5-9300H @ 2.40GHz;8167
AMD Ryzen 5 3550H;8163
Intel Core i7-8557U @ 1.70GHz;8163
Intel Xeon E3-1230 v6 @ 3.50GHz;8154
Intel Xeon E3-1275 v5 @ 3.60GHz;8140
Intel Core i7-8705G @ 3.10GHz;8127
AMD Ryzen 5 1400;8123
Intel Xeon E3-1245 v5 @ 3.50GHz;8119
Intel Core i7-3930K @ 3.20GHz;8108
Intel Xeon E-2224G @ 3.50GHz;8102
Intel Xeon E5-2450 @ 2.10GHz;8097
Intel Core i7-7700T @ 2.90GHz;8096
Intel Core i7-6700 @ 3.40GHz;8085
Intel Xeon E-2124G @ 3.40GHz;8084
AMD Ryzen 3 PRO 1300;8073
Intel Core i7-7820HK @ 2.90GHz;8043
Intel Xeon E5-1630 v4 @ 3.70GHz;8029
Intel Xeon D-1528 @ 1.90GHz;8010
Intel Core i7-8709G @ 3.10GHz;7993
Intel Xeon E3-1585L v5 @ 3.00GHz;7993
Intel Xeon E3-1575M v5 @ 3.00GHz;7990
AMD Ryzen Embedded V1807B;7989
AMD Ryzen 5 PRO 3500U;7983
AMD Ryzen Embedded V1756B;7969
Intel Xeon E3-1280 v5 @ 3.70GHz;7965
AMD Ryzen 7 2800H;7911
Intel Xeon E5-2648L v3 @ 1.80GHz;7911
Intel Core i7-980 @ 3.33GHz;7886
Intel Core i5-9400T @ 1.80GHz;7884
Intel Xeon E5-2648L v2 @ 1.90GHz;7858
Intel Core i7-970 @ 3.20GHz;7849
Intel Xeon E5-2651 v2 @ 1.80GHz;7847
Intel Xeon E3-1515M v5 @ 2.80GHz;7837
Intel Core i5-8400T @ 1.70GHz;7827
Intel Core i7-10510U @ 1.80GHz;7825
Intel Xeon Silver 4112 @ 2.60GHz;7824
Intel Xeon E3-1505M v6 @ 3.00GHz;7812
AMD Ryzen 7 3780U;7806
Intel Core i5-7640X @ 4.00GHz;7801
Intel Xeon W3670 @ 3.20GHz;7798
AMD Ryzen 5 2600H;7789
Intel Core i5-1035G1 @ 1.00GHz;7773
Intel Xeon E3-1240 v5 @ 3.50GHz;7768
Intel Xeon E3-1545M v5 @ 2.90GHz;7761
Intel Core i5-5575R @ 2.80GHz;7744
Intel Xeon E5-4620 @ 2.20GHz;7732
Intel Xeon E-2254ML @ 1.70GHz;7730
Intel Xeon E5-1630 v3 @ 3.70GHz;7727
Intel Xeon E3-1260L v5 @ 2.90GHz;7720
AMD Ryzen 3 PRO 3200GE;7705
Intel Xeon X5690 @ 3.47GHz;7674
Intel Xeon E5-2650 @ 2.00GHz;7663
Intel Xeon E3-1286 v3 @ 3.70GHz;7660
Intel Xeon E-2124 @ 3.30GHz;7653
AMD Ryzen 5 PRO 2400GE;7643
Intel Xeon X5680 @ 3.33GHz;7632
AMD Ryzen 7 PRO 2700U;7626
Intel Xeon E5-2620 v3 @ 2.40GHz;7613
Intel Core i7-6770HQ @ 2.60GHz;7609
Intel Core i7-6820HK @ 2.70GHz;7607
Intel Xeon X5670 @ 2.93GHz;7598
Intel Xeon W3690 @ 3.47GHz;7588
Intel Core i5-8300H @ 2.30GHz;7584
Intel Core i7-6920HQ @ 2.90GHz;7583
Intel Core i7-7820HQ @ 2.90GHz;7576
Intel Core i3-8350K @ 4.00GHz;7565
AMD Ryzen 3 PRO 3200G;7540
Intel Xeon E3-1271 v3 @ 3.60GHz;7536
Intel Xeon E5-2630 v2 @ 2.60GHz;7516
AMD Ryzen 5 3580U;7502
AMD Ryzen 7 PRO 3700U;7486
Intel Xeon D-2123IT @ 2.20GHz;7485
Intel Xeon E3-1285 v3 @ 3.60GHz;7477
Intel Core i7-7820EQ @ 3.00GHz;7474
Intel Core i7-4980HQ @ 2.80GHz;7462
Intel Xeon E5-1620 v4 @ 3.50GHz;7447
Intel Core i7-980X @ 3.33GHz;7444
Intel Xeon E5-2637 v3 @ 3.50GHz;7411
AMD Ryzen 3 3200G;7372
AMD Ryzen 7 3700U;7365
Intel Core i5-8305G @ 2.80GHz;7355
Intel Xeon E3-1230 v5 @ 3.40GHz;7330
Intel Xeon E5-4610 @ 2.40GHz;7313
Intel Core i7-4790 @ 3.60GHz;7294
Intel Xeon E3-1270 v3 @ 3.50GHz;7294
Intel Xeon X5660 @ 2.80GHz;7256
Intel Xeon E5-2640 v2 @ 2.00GHz;7252
AMD Ryzen 5 3500U;7248
Intel Core i7-8665U @ 1.90GHz;7226
AMD Ryzen 3 1300X;7210
Intel Core i7-4770 @ 3.40GHz;7206
Intel Xeon E3-1505M v5 @ 2.80GHz;7198
Intel Xeon E3-1246 v3 @ 3.50GHz;7191
Intel Xeon E3-1276 v3 @ 3.60GHz;7189
Intel Xeon E5-2630L v3 @ 1.80GHz;7186
Intel Core i7-4770K @ 3.50GHz;7175
Intel Core i3-9300T @ 3.20GHz;7173
Intel Core i5-8365U @ 1.60GHz;7150
Intel Xeon E5-1620 v3 @ 3.50GHz;7145
Intel Core i7-4960HQ @ 2.60GHz;7130
Intel Xeon E5-4617 @ 2.90GHz;7130
Intel Core i7-4820K @ 3.70GHz;7113
Intel Core i3-8300 @ 3.70GHz;7105
Intel Core i3-9100F @ 3.60GHz;7094
Intel Xeon E3-1275 v3 @ 3.50GHz;7081
Intel Core i7-7700HQ @ 2.80GHz;7069
AMD Ryzen 3 PRO 1200;7065
Intel Xeon E3-1241 v3 @ 3.50GHz;7061
Intel Core i7-4770R @ 3.20GHz;7043
Intel Xeon E3-1535M v5 @ 2.90GHz;7030
Intel Xeon E3-1240 v3 @ 3.40GHz;7024
AMD Opteron 6386 SE;7022
Intel Core i5-10210U @ 1.60GHz;7007
Intel Xeon E3-1281 v3 @ 3.70GHz;6991
Intel Xeon E3-1245 v3 @ 3.40GHz;6989
Intel Core i5-8350U @ 1.70GHz;6987
Intel Xeon D-1521 @ 2.40GHz;6980
Intel Xeon E3-1285L v3 @ 3.10GHz;6979
Intel Core i7-5700HQ @ 2.70GHz;6975
Intel Core i5-7600 @ 3.50GHz;6974
AMD Ryzen 3 PRO 2200G;6969
Intel Core i7-6820HQ @ 2.70GHz;6962
AMD FX-9590 Eight-Core;6961
Intel Xeon E3-1231 v3 @ 3.40GHz;6959
Intel Core i3-8100B @ 3.60GHz;6946
AMD Opteron 6287 SE;6943
Intel Core i3-9100 @ 3.60GHz;6940
AMD Ryzen 3 2200G;6929
Intel Xeon E3-1280 v3 @ 3.60GHz;6913
Intel Xeon E5-2440 @ 2.40GHz;6910
AMD Ryzen 7 2700U;6903
Intel Xeon E5-2658 @ 2.10GHz;6875
AMD Ryzen Embedded V1605B;6843
Intel Xeon E5-2623 v3 @ 3.00GHz;6842
Intel Xeon E5-2650L v2 @ 1.70GHz;6822
Intel Core i7-4790S @ 3.20GHz;6821
Intel Core i7-4940MX @ 3.10GHz;6815
Intel Core i7-6700T @ 2.80GHz;6813
Intel Xeon W-2104 @ 3.20GHz;6813
AMD Ryzen 5 2500U;6808
Intel Core i7-8665UE @ 1.70GHz;6807
Intel Core i7-4900MQ @ 2.80GHz;6803
Intel Xeon E5-2630 @ 2.30GHz;6801
Intel Core i7-8565U @ 1.80GHz;6777
Intel Xeon E3-1230 v3 @ 3.30GHz;6774
Intel Core i7-4760HQ @ 2.10GHz;6768
Intel Xeon E5-2623 v4 @ 2.60GHz;6753
Intel Core i5-7600K @ 3.80GHz;6723
Intel Core i7-4770S @ 3.10GHz;6706
Intel Xeon E5-4610 v3 @ 1.70GHz;6701
Intel Xeon E5-2640 @ 2.50GHz;6681
Intel Xeon E5-2430 v2 @ 2.50GHz;6680
Intel Core i7-6820EQ @ 2.80GHz;6677
Intel Xeon E3-1225 v6 @ 3.30GHz;6666
Intel Core i7-6700HQ @ 2.60GHz;6661
Intel Xeon E3-1286L v3 @ 3.20GHz;6661
Intel Core i7-4860HQ @ 2.40GHz;6655
Intel Xeon E5649 @ 2.53GHz;6646
Intel Core i7-4930MX @ 3.00GHz;6642
Intel Core i7-4771 @ 3.50GHz;6641
Intel Core i7-8650U @ 1.90GHz;6620
Intel Xeon E5-1620 v2 @ 3.70GHz;6598
Intel Core i5-7600T @ 2.80GHz;6593
Intel Core i5-6600K @ 3.50GHz;6591
Intel Atom C3958 @ 2.00GHz;6586
Intel Core i7-4910MQ @ 2.90GHz;6582
Intel Xeon E3-1270 V2 @ 3.50GHz;6579
Intel Core i3-8300T @ 3.20GHz;6565
Intel Core i5-8265U @ 1.60GHz;6565
Intel Core i7-3770 @ 3.40GHz;6559
Intel Core i7-4770HQ @ 2.20GHz;6557
Intel Xeon E5-2650L @ 1.80GHz;6542
AMD Ryzen 3 1200;6539
AMD Opteron 6380;6533
Intel Xeon E3-1268L v5 @ 2.40GHz;6533
Intel Core i7-6700TE @ 2.40GHz;6532
Intel Xeon E3-1240 V2 @ 3.40GHz;6508
Intel Xeon E5-2628L v2 @ 1.90GHz;6494
Intel Xeon X5677 @ 3.47GHz;6474
Intel Core i3-8100 @ 3.60GHz;6452
Intel Core i7-3770K @ 3.50GHz;6452
Intel Xeon E3-1505L v6 @ 2.20GHz;6446
Intel Core i7-4850HQ @ 2.30GHz;6442
Intel Core i5-7500 @ 3.40GHz;6412
Intel Xeon W-2102 @ 2.90GHz;6408
AMD Opteron 6282 SE;6402
AMD Ryzen 3 2200GE;6397
Intel Xeon E5-2637 v2 @ 3.50GHz;6392
Intel Core i7-3770S @ 3.10GHz;6388
Intel Core i7-4790T @ 2.70GHz;6387
Intel Xeon X5675 @ 3.07GHz;6382
Intel Xeon Platinum 8151 @ 3.40GHz;6381
Intel Xeon E5-4607 v2 @ 2.60GHz;6376
Intel Xeon X5672 @ 3.20GHz;6375
Intel Core i5-8250U @ 1.60GHz;6372
AMD Ryzen 3 PRO 2200GE;6352
Intel Xeon E3-1265L v3 @ 2.50GHz;6351
Intel Xeon E3-1220 v6 @ 3.00GHz;6348
Intel Xeon E5645 @ 2.40GHz;6344
Intel Xeon E5-2430 @ 2.20GHz;6326
Intel Xeon Bronze 3106 @ 1.70GHz;6324
Intel Xeon E5-2450L @ 1.80GHz;6324
Intel Xeon E5-2440 v2 @ 1.90GHz;6322
Intel Xeon E-2104G @ 3.20GHz;6322
AMD Ryzen 5 PRO 2500U;6317
AMD Ryzen 3 PRO 3300U;6312
Intel Xeon E3-1275L v3 @ 2.70GHz;6310
Intel Core i7-3820 @ 3.60GHz;6308
Intel Core i3-9100T @ 3.10GHz;6285
Intel Xeon E5-2630L v2 @ 2.40GHz;6282
Intel Core i7-3840QM @ 2.80GHz;6265
Intel Core i5-8365UE @ 1.60GHz;6245
AMD FX-8350 Eight-Core;6221
Intel Core i5-6600 @ 3.30GHz;6212
Intel Xeon E3-1245 V2 @ 3.40GHz;6211
Intel Xeon E3-1230 V2 @ 3.30GHz;6210
AMD Opteron 6276;6199
Intel Xeon E5-2448L v2 @ 1.80GHz;6182
AMD FX-8370 Eight-Core;6181
Intel Core i5-7440HQ @ 2.80GHz;6160
Intel Xeon E5-2630L @ 2.00GHz;6153
Intel Xeon X5667 @ 3.07GHz;6148
Intel Xeon E5-2420 v2 @ 2.20GHz;6142
Intel Core i7-8550U @ 1.80GHz;6134
AMD FX-9370 Eight-Core;6133
Intel Xeon X5650 @ 2.67GHz;6127
Intel Xeon E3-1280 V2 @ 3.60GHz;6099
Intel Xeon E3-1290 V2 @ 3.70GHz;6083
Intel Xeon E5-1620 @ 3.60GHz;6081
AMD Opteron 6344;6073
Intel Core i5-8265UC @ 1.60GHz;6068
Intel Core i7-4720HQ @ 2.60GHz;6068
Intel Xeon X5687 @ 3.60GHz;6060
AMD Ryzen 3 PRO 2300U;6049
Intel Xeon E3-1275 V2 @ 3.50GHz;6037
Intel Xeon E3-1205 v6 @ 3.00GHz;6016
Intel Xeon E5-2620 @ 2.00GHz;6009
Intel Xeon L5640 @ 2.27GHz;6000
Intel Xeon E5-1428L v2 @ 2.20GHz;5993
Intel Core i7-4750HQ @ 2.00GHz;5989
Intel Xeon E5-2620 v2 @ 2.10GHz;5965
Intel Xeon E5-2430L @ 2.00GHz;5958
Intel Xeon E3-1225 v5 @ 3.30GHz;5951
Intel Xeon E3-1220 v5 @ 3.00GHz;5950
Intel Xeon E5-2608L v3 @ 2.00GHz;5947
Intel Xeon D-1518 @ 2.20GHz;5944
Intel Core i7-4800MQ @ 2.70GHz;5907
Intel Core i7-4870HQ @ 2.50GHz;5904
Intel Core i7-4770T @ 2.50GHz;5896
AMD Opteron 6378;5893
Intel Xeon E5-2643 @ 3.30GHz;5887
Intel Xeon E3-1240L v5 @ 2.10GHz;5820
Intel Core i7-3740QM @ 2.70GHz;5819
Intel Core i7-3820QM @ 2.70GHz;5817
Intel Xeon E5-1607 v4 @ 3.10GHz;5805
Intel Core i7-4722HQ @ 2.40GHz;5804
Intel Core i7-3940XM @ 3.00GHz;5800
AMD Opteron 4274 HE;5776
Intel Core i5-4690K @ 3.50GHz;5765
ZHAOXIN KaiXian KX-U6780A@2.7GHz;5761
Intel Core i5-4670K @ 3.40GHz;5759
AMD A8-7500;5755
AMD Ryzen 3 2300U;5745
Intel Core i5-6600T @ 2.70GHz;5740
Intel Core i7-3920XM @ 2.90GHz;5739
Intel Xeon Bronze 3204 @ 1.90GHz;5739
Intel Core i5-6402P @ 2.80GHz;5733
Intel Core i5-7400 @ 3.00GHz;5733
AMD Ryzen 3 3300U;5720
Intel Core i5-6500 @ 3.20GHz;5701
Intel Core i7-4860EQ @ 1.80GHz;5698
Intel Core i7-4810MQ @ 2.80GHz;5691
AMD Opteron 6174;5688
Intel Core i3-8100T @ 3.10GHz;5655
Intel Core i5-4690 @ 3.50GHz;5651
Intel Core i5-7500T @ 2.70GHz;5645
AMD Opteron 6238;5640
Intel Core i7-3720QM @ 2.60GHz;5623
Intel Core i7-4710MQ @ 2.50GHz;5613
Intel Xeon X5647 @ 2.93GHz;5605
Intel Core i5-4670 @ 3.40GHz;5580
AMD Opteron 6376;5576
Intel Core i7-4785T @ 2.20GHz;5556
Intel Xeon E5-1410 v2 @ 2.80GHz;5550
Intel Xeon E3-1226 v3 @ 3.30GHz;5538
Intel Core i5-4670R @ 3.00GHz;5520
Intel Core i3-1005G1 @ 1.20GHz;5515
Intel Xeon E3-1268L v3 @ 2.30GHz;5507
Intel Xeon E5-2609 v4 @ 1.70GHz;5497
Intel Core i7-4702MQ @ 2.20GHz;5493
Intel Xeon E5-1410 @ 2.80GHz;5490
Intel Core i5-4590 @ 3.30GHz;5485
AMD Opteron 6176 SE;5483
Intel Core i7-4702HQ @ 2.20GHz;5478
Intel Xeon L5639 @ 2.13GHz;5477
Intel Core i7-3610QM @ 2.30GHz;5474
Intel Core i7-2600K @ 3.40GHz;5472
Intel Core i5-4690S @ 3.20GHz;5469
Intel Xeon E3-1270 @ 3.40GHz;5456
Intel Xeon E5-1607 v3 @ 3.10GHz;5453
Intel Core i5-760S @ 2.53GHz;5440
Intel Core i7-4710HQ @ 2.50GHz;5439
AMD FX-8150 Eight-Core;5431
Intel Core i3-7350K @ 4.20GHz;5410
Intel Core i7-4700MQ @ 2.40GHz;5407
Intel Core i5-10210Y @ 1.00GHz;5406
AMD FX-8300 Eight-Core;5398
Intel Core i5-4670S @ 3.10GHz;5397
Intel Core i7-4712HQ @ 2.30GHz;5396
Intel Core i5-6400 @ 2.70GHz;5391
Intel Core i7-2600 @ 3.40GHz;5363
Intel Core i5-4570 @ 3.20GHz;5360
AMD A8-7680;5356
AMD Opteron 6164 HE;5351
Intel Core i7-3630QM @ 2.40GHz;5338
Intel Xeon Bronze 3104 @ 1.70GHz;5336
Intel Xeon E5-2420 @ 1.90GHz;5333
AMD FX-8370E Eight-Core;5316
Intel Core i7-3770T @ 2.50GHz;5316
Intel Core i5-6440EQ @ 2.70GHz;5312
Intel Core i7-2700K @ 3.50GHz;5301
Intel Xeon E3-1225 v3 @ 3.20GHz;5294
Intel Xeon E3-1290 @ 3.60GHz;5286
Intel Core i3-7320 @ 4.10GHz;5282
AMD Opteron 6172;5261
Intel Core i5-7300HQ @ 2.50GHz;5260
AMD FX-8320E Eight-Core;5258
Intel Core i7-3615QE @ 2.30GHz;5246
Intel Xeon E3-1220 v3 @ 3.10GHz;5238
Intel Xeon L5638 @ 2.00GHz;5232
Intel Core i5-6440HQ @ 2.60GHz;5230
Intel Xeon E3-1240L v3 @ 2.00GHz;5228
Intel Core i7-4700HQ @ 2.40GHz;5215
Intel Core i5-4590S @ 3.00GHz;5204
AMD Opteron 6136;5202
AMD Athlon PRO 300GE;5201
Intel Core i5-4670K CPT @ 3.40GHz;5199
Intel Core i3-7300 @ 4.00GHz;5196
Intel Core i7-6822EQ @ 2.00GHz;5187
Intel Core i5-4570S @ 2.90GHz;5184
AMD Athlon 300GE;5180
Intel Core i7-4765T @ 2.00GHz;5161
Intel Xeon E3-1280 @ 3.50GHz;5144
AMD FX-8320 Eight-Core;5136
Intel Core i5-4570R @ 2.70GHz;5126
Intel Core i5-7442EQ @ 2.10GHz;5118
Intel Core i7-4712MQ @ 2.30GHz;5118
Intel Xeon D-1520 @ 2.20GHz;5114
Intel Core i5-7400T @ 2.40GHz;5111
Intel Core i5-6500TE @ 2.30GHz;5102
Intel Core i7-4700EQ @ 2.40GHz;5102
AMD Opteron 6328;5088
AMD Embedded R-Series RX-418GD Radeon R6;5069
AMD Athlon 240GE;5058
Intel Core i7-7567U @ 3.50GHz;5056
Intel Xeon E5-1603 v4 @ 2.80GHz;5039
Intel Core i5-3570 @ 3.40GHz;5037
AMD FX-8310 Eight-Core;5031
Intel Xeon E3-1230 @ 3.20GHz;5000
Intel Core i5-3570K @ 3.40GHz;4981
Intel Xeon E5640 @ 2.67GHz;4980
AMD FX-8140 Eight-Core;4966
Intel Xeon E3-1235L v5 @ 2.00GHz;4962
Intel Xeon E3-1265L V2 @ 2.50GHz;4957
Intel Core i5-4460 @ 3.20GHz;4935
Intel Xeon E5-1603 v3 @ 2.80GHz;4930
Intel Xeon E5630 @ 2.53GHz;4924
Intel Core i7-3610QE @ 2.30GHz;4868
AMD Opteron 6366 HE;4862
Intel Atom C3858 @ 2.00GHz;4853
AMD Athlon 220GE;4850
Intel Core i5-6500T @ 2.50GHz;4841
Intel Core i7-3635QM @ 2.40GHz;4841
AMD Ryzen Embedded V1404I;4823
Intel Core i7-3612QE @ 2.10GHz;4820
Intel Xeon E3-1225 V2 @ 3.20GHz;4810
Intel Core i3-8121U @ 2.20GHz;4803
Intel Xeon E3-1240 @ 3.30GHz;4801
Intel Xeon E5-2648L @ 1.80GHz;4795
Intel Xeon E3-1245 @ 3.30GHz;4793
Intel Core i5-4440 @ 3.10GHz;4790
Intel Xeon E3-1505L v5 @ 2.00GHz;4789
AMD Opteron 6220;4765
AMD Ryzen 3 PRO 2100GE;4760
Intel Xeon E3-1220 V2 @ 3.10GHz;4759
AMD Athlon 3000G;4743
Intel Core i5-4430 @ 3.00GHz;4741
AMD Opteron 6272;4739
Intel Core i5-3570S @ 3.10GHz;4728
AMD Opteron X3421 APU;4726
AMD Opteron 2435;4709
Intel Core i5-3470 @ 3.20GHz;4704
Intel Xeon E3-1230L v3 @ 1.80GHz;4697
AMD A10-5800B APU;4693
Intel Xeon E5-2609 @ 2.40GHz;4693
Intel Pentium Gold G5600F @ 3.90GHz;4688
AMD Opteron 4284;4677
Intel Core i5-7360U @ 2.30GHz;4675
Intel Core i5-3550 @ 3.30GHz;4671
Intel Core i5-4690T @ 2.50GHz;4670
Intel Xeon E3-1235 @ 3.20GHz;4668
AMD FX-8120 Eight-Core;4661
Intel Core i3-8109U @ 3.00GHz;4658
Intel Core i7-2860QM @ 2.50GHz;4647
Intel Xeon E3-1275 @ 3.40GHz;4637
Intel Core i5-4440S @ 2.80GHz;4632
Intel Xeon E5-1607 @ 3.00GHz;4631
Intel Pentium Gold G5620 @ 4.00GHz;4622
AMD Athlon X4 845;4597
AMD Embedded R-Series RX-421BD;4592
Intel Xeon E5-2609 v3 @ 1.90GHz;4589
Intel Core i5-3550S @ 3.00GHz;4587
Intel Xeon E5-2430L v2 @ 2.40GHz;4576
Intel Core i5-4460S @ 2.90GHz;4572
Intel Core i3-6320 @ 3.90GHz;4569
Intel Core i7-7660U @ 2.50GHz;4565
Intel Core i7-2960XM @ 2.70GHz;4562
Intel Core i7-2600S @ 2.80GHz;4560
AMD Ryzen Embedded R1606G;4559
AMD Opteron X3418 APU;4549
Intel Core i7-3632QM @ 2.20GHz;4535
Intel Core i5-3450 @ 3.10GHz;4526
Intel Core i7-7560U @ 2.40GHz;4519
AMD Opteron 2431;4516
AMD Opteron 4280;4515
Intel Core i3-6300 @ 3.80GHz;4495
AMD FX-6330 Six-Core;4482
Intel Core i5-6442EQ @ 1.90GHz;4473
Intel Pentium Gold G5600 @ 3.90GHz;4467
Intel Xeon E5-1607 v2 @ 3.00GHz;4465
Intel Core i7-2820QM @ 2.30GHz;4458
AMD Ryzen Embedded R1505G;4428
AMD Opteron 4184;4419
Intel Core i5-7287U @ 3.30GHz;4410
Intel Core i5-4670T @ 2.30GHz;4402
Intel Core i5-6300HQ @ 2.30GHz;4398
Intel Core i3-7300T @ 3.50GHz;4391
Intel Core i3-7100 @ 3.90GHz;4390
AMD Opteron 4386;4381
AMD FX-6130 Six-Core;4365
Intel Core i5-7260U @ 2.20GHz;4356
Intel Core i5-3475S @ 2.90GHz;4353
AMD FirePro A320 APU;4351
AMD Opteron 6128;4347
Intel Core i5-6400T @ 2.20GHz;4339
Intel Core i3-10110U @ 2.10GHz;4337
AMD FX-6350 Six-Core;4334
Intel Xeon E5-2603 v4 @ 1.70GHz;4320
Intel Core i5-3340 @ 3.10GHz;4310
AMD Athlon 200GE;4306
Intel Pentium Gold G5420 @ 3.80GHz;4305
Intel Core i3-6100 @ 3.70GHz;4297
AMD Athlon 300U;4293
AMD Athlon PRO 200GE;4278
Intel Xeon X5698 @ 4.40GHz;4272
AMD A10-5700 APU;4267
Intel Core i5-3350P @ 3.10GHz;4254
Intel Core i5-4430S @ 2.70GHz;4254
AMD Athlon X4 740 Quad Core;4248
Intel Core i3-8145U @ 2.10GHz;4248
Intel Pentium Gold G5500 @ 3.80GHz;4246
Intel Core i7-2920XM @ 2.50GHz;4228
Intel Core i5-3330 @ 3.00GHz;4227
Intel Core i5-2500 @ 3.30GHz;4219
Intel Core i3-7101TE @ 3.40GHz;4218
Intel Core i7-2720QM @ 2.20GHz;4218
Intel Pentium G4620 @ 3.70GHz;4218
Intel Pentium Gold G5420T @ 3.20GHz;4214
Intel Core i7-6567U @ 3.30GHz;4213
Intel Core i5-4590T @ 2.00GHz;4187
AMD A8-5500B APU;4182
AMD FX-6300 Six-Core;4180
Intel Core i7-3612QM @ 2.10GHz;4155
Intel Xeon E5620 @ 2.40GHz;4141
AMD Opteron 3380;4137
Intel Core i5-3450S @ 2.80GHz;4134
Intel Core i3-7100T @ 3.40GHz;4132
Intel Core i3-6300T @ 3.30GHz;4124
Intel Xeon L5630 @ 2.13GHz;4118
AMD Opteron 3365;4117
Intel Core i5-3570T @ 2.30GHz;4110
Intel Core i7-2760QM @ 2.40GHz;4099
Intel Core i7-985 @ 3.47GHz;4089
Intel Pentium G4600 @ 3.60GHz;4086
Intel Xeon E5-2603 v3 @ 1.60GHz;4086
AMD Opteron 6234;4082
AMD FX-6120 Six-Core;4077
Intel Core i7-2840QM @ 2.40GHz;4072
Intel Core i7-3615QM @ 2.30GHz;4068
AMD Ryzen 3 3200U;4065
AMD Ryzen 3 2200U;4061
AMD Opteron 6212;4056
Intel Core i3-6098P @ 3.60GHz;4042
AMD Opteron 3280;4029
Intel Core i7-2670QM @ 2.20GHz;4027
Intel Core i3-4370 @ 3.80GHz;4021
Intel Core i5-2550K @ 3.40GHz;4021
AMD PRO A10-8850B;4020
AMD FX-6200 Six-Core;4017
Intel Core i5-2500K @ 3.30GHz;4002
Intel Core i5-3340S @ 2.80GHz;3989
Intel Xeon E5-2418L @ 2.00GHz;3983
AMD FX-8100 Eight-Core;3964
AMD Opteron 4334;3953
Intel Pentium Gold G5400 @ 3.70GHz;3946
Intel Core i7-7600U @ 2.80GHz;3939
Intel Core i7-2710QE @ 2.10GHz;3925
Intel Core i5-7267U @ 3.10GHz;3917
Intel Core i5-2400 @ 3.10GHz;3912
AMD FX-6100 Six-Core;3903
Intel Xeon E3-1220 @ 3.10GHz;3894
Intel Core i5-3330S @ 2.70GHz;3875
Intel Core i7-6650U @ 2.20GHz;3864
Intel Core i5-3335S @ 2.70GHz;3863
AMD Ryzen Embedded V1202B;3858
Intel Xeon E5-1603 @ 2.80GHz;3846
Intel Xeon E5-4603 @ 2.00GHz;3839
Intel Xeon L7455 @ 2.13GHz;3836
AMD Opteron 8439 SE;3813
Intel Pentium D1508 @ 2.20GHz;3813
Intel Core i7-6600U @ 2.60GHz;3807
Intel Core i5-2450P @ 3.20GHz;3789
Intel Core i5-7300U @ 2.60GHz;3780
AMD A10-8850;3770
Intel Pentium Gold G5400T @ 3.10GHz;3767
Intel Core i3-4340 @ 3.60GHz;3763
Intel Core i3-6100T @ 3.20GHz;3755
AMD Phenom II X6 1100T;3748
AMD Athlon X4 880K;3743
AMD A8-5600K APU;3742
AMD Athlon X4 870K;3740
AMD A10-7890K;3739
AMD Opteron 4332 HE;3718
Intel Xeon E5-2609 v2 @ 2.50GHz;3716
Intel Core i3-7167U @ 2.80GHz;3709
Intel Core i3-4360 @ 3.70GHz;3700
Intel Atom C2750 @ 2.40GHz;3694
Intel Xeon E5-2407 v2 @ 2.40GHz;3682
Intel Core i3-4330 @ 3.50GHz;3679
Intel Core i3-8130U @ 2.20GHz;3676
Intel Xeon W5590 @ 3.33GHz;3674
Intel Xeon E3-1225 @ 3.10GHz;3669
AMD Opteron 4170 HE;3665
Intel Pentium G4560 @ 3.50GHz;3654
Intel Xeon E3-1260L @ 2.40GHz;3654
Intel Core i5-4460T @ 1.90GHz;3652
Intel Core i5-2310 @ 2.90GHz;3649
Intel Core i5-2320 @ 3.00GHz;3640
Intel Core i5-2380P @ 3.10GHz;3637
Intel Core i7-4600M @ 2.90GHz;3631
Intel Xeon W3580 @ 3.33GHz;3630
Intel Core i3-4350 @ 3.60GHz;3619
AMD Phenom II X6 1090T;3609
AMD FX-8800P;3607
AMD Athlon X4 750K Quad Core;3605
Intel Core i7-975 @ 3.33GHz;3603
Intel Xeon W5580 @ 3.20GHz;3593
Intel Core i5-6287U @ 3.10GHz;3576
AMD FX-4170 Quad-Core;3575
Intel Core i3-4170 @ 3.70GHz;3572
AMD Athlon X4 860K;3559
AMD A10-7870K;3558
Intel Core i5-3470S @ 2.90GHz;3555
Intel Core i7-6560U @ 2.20GHz;3555
Intel Pentium Gold G5500T @ 3.20GHz;3552
Intel Core i3-4160 @ 3.60GHz;3541
AMD PRO A12-8800B;3540
AMD FX-4350 Quad-Core;3534
Intel Core i7-2630QM @ 2.00GHz;3527
AMD PRO A12-9800;3523
Intel Core i5-7200U @ 2.50GHz;3522
AMD A10-7850K APU;3518
Intel Xeon E3-1265L @ 2.40GHz;3509
Intel Core i7-7500U @ 2.70GHz;3500
Intel Xeon W3570 @ 3.20GHz;3495
AMD Phenom II X4 850;3492
AMD PRO A12-8870;3489
Intel Pentium G4600T @ 3.00GHz;3487
AMD A8-8650;3486
Intel Core i7-6498DU @ 2.50GHz;3486
Intel Core i7-4610M @ 3.00GHz;3479
Intel Core i3-4150 @ 3.50GHz;3477
Intel Core i3-4370T @ 3.30GHz;3476
AMD Athlon II X4 650;3472
Intel Core i5-6360U @ 2.00GHz;3472
AMD FX-4330;3470
AMD Athlon X4 840;3459
Intel Pentium Silver J5040 @ 2.00GHz;3459
AMD A8-7670K;3457
Intel Xeon E5-2637 @ 3.00GHz;3452
AMD A10 PRO-7850B APU;3451
Intel Core i7-965 @ 3.20GHz;3449
Intel Core i3-4130 @ 3.40GHz;3432
Intel Core i5-2500S @ 2.70GHz;3432
Intel Core i3-7100H @ 3.00GHz;3428
AMD A10-7860K;3424
AMD Opteron 6274;3417
Intel Core i7-2715QE @ 2.10GHz;3414
AMD A10-7700K APU;3410
AMD Phenom II X4 840;3406
Intel Core i5-4340M @ 2.90GHz;3397
AMD FX-870K Quad Core;3396
AMD Phenom II X4 B35;3384
Intel Core i5-4310M @ 2.70GHz;3384
AMD FX-B4150 Quad-Core;3378
Intel Core i7-4770TE @ 2.30GHz;3377
AMD Phenom II X6 1405T;3374
AMD A10-8750;3372
Intel Core i7-6500U @ 2.50GHz;3369
AMD A8-7600 APU;3368
Intel Core i5-6300U @ 2.40GHz;3368
Intel Xeon E5607 @ 2.27GHz;3364
AMD Phenom II X4 B45;3360
Intel Core i5-8200Y @ 1.30GHz;3360
Intel Core i5-4400E @ 2.70GHz;3357
Intel Core i3-4570T @ 2.90GHz;3350
Intel Atom C2750 @ 2.41GHz;3345
Intel Core i3-4350T @ 3.10GHz;3343
AMD FX-4150 Quad-Core;3335
Intel Core i7-5557U @ 3.10GHz;3327
Intel Xeon W3565 @ 3.20GHz;3323
Intel Core i5-6260U @ 1.80GHz;3322
Intel Xeon X5570 @ 2.93GHz;3320
Intel Core i3-6100TE @ 2.70GHz;3319
AMD PRO A10-8750B;3317
AMD FX-4320;3302
AMD A8-8600P;3301
AMD A10-5800K APU;3299
Intel Xeon L5609 @ 1.87GHz;3298
AMD PRO A10-8770;3297
Intel Core i5-2400S @ 2.50GHz;3296
Intel Core i5-8210Y @ 1.60GHz;3296
AMD A10 PRO-7800B APU;3294
Intel Xeon W3550 @ 3.07GHz;3290
AMD A10-7800 APU;3288
AMD Athlon II X4 645;3285
Intel Core i3-6100E @ 2.70GHz;3281
AMD FX-4200 Quad-Core;3277
Intel Core i5-4570T @ 2.90GHz;3277
Intel Xeon X3480 @ 3.07GHz;3273
Intel Core i3-4360T @ 3.20GHz;3268
AMD Opteron 4365 EE;3266
Intel Core i5-4570TE @ 2.70GHz;3261
AMD FX-770K Quad-Core;3258
Intel Core i5-4200H @ 2.80GHz;3239
Intel Core i5-4330M @ 2.80GHz;3234
AMD Phenom II X6 1055T;3233
Intel Xeon X3470 @ 2.93GHz;3228
Intel Core i3-4160T @ 3.10GHz;3227
AMD Phenom II X4 B40;3224
Intel Core i3-4170T @ 3.20GHz;3217
AMD A12-9800;3211
Intel Xeon X5560 @ 2.80GHz;3209
AMD A8-9600;3203
AMD Athlon X4 830;3201
Intel Xeon E5606 @ 2.13GHz;3200
Intel Xeon W3540 @ 2.93GHz;3199
Intel Core i3-6100H @ 2.70GHz;3193
Intel Core i3-4330T @ 3.00GHz;3190
Intel Core i3-7130U @ 2.70GHz;3190
Intel Core i5-5257U @ 2.70GHz;3190
Intel Core i7-2675QM @ 2.20GHz;3190
AMD PRO A10-9700;3188
Intel Core i5-6198DU @ 2.30GHz;3181
AMD A8-7650K;3175
AMD Athlon X4 640;3172
AMD PRO A8-8650B;3169
AMD Opteron 4162 EE;3167
Intel Core i5-5287U @ 2.90GHz;3165
AMD A8-5500 APU;3164
Intel Atom C2758 @ 2.40GHz;3163
Intel Core i5-2300 @ 2.80GHz;3162
AMD Phenom 9850B Quad-Core;3161
Intel Core i7-4578U @ 3.00GHz;3159
AMD A10-6700 APU;3158
Intel Core i5-2405S @ 2.50GHz;3158
Intel Core i7-880 @ 3.07GHz;3152
AMD A8-6600K APU;3151
AMD FX-7600P APU;3150
Intel Core i7-870 @ 2.93GHz;3147
AMD A10-6800K APU;3143
Intel Pentium G4560T @ 2.90GHz;3138
Intel Xeon E7- 2830 @ 2.13GHz;3119
AMD Athlon II X4 655;3116
Intel Core i7-950 @ 3.07GHz;3111
AMD A10-6790K APU;3110
AMD A8 PRO-7600B APU;3109
Intel Core i7-940 @ 2.93GHz;3108
Intel Core i5-4210M @ 2.60GHz;3107
AMD FX-4300 Quad-Core;3101
AMD A10-9700;3100
Intel Xeon W3530 @ 2.80GHz;3100
AMD Phenom II X6 1065T;3099
Intel Core i7-8500Y @ 1.50GHz;3097
AMD Athlon II X4 635;3091
Intel Core i7-3520M @ 2.90GHz;3091
AMD Phenom II X6 1045T;3080
Intel Core i5-3380M @ 2.90GHz;3073
AMD Opteron 2427;3069
Intel Xeon X5550 @ 2.67GHz;3066
Intel Core i7-875K @ 2.93GHz;3060
AMD Opteron X2170 APU;3059
AMD Athlon 5370 APU;3055
Intel Core i5-4278U @ 2.60GHz;3049
AMD Phenom II X4 B25;3046
Intel Core i5-3470T @ 2.90GHz;3046
Intel Core i7-2635QM @ 2.00GHz;3039
Intel Celeron J4125 @ 2.00GHz;3035
AMD PRO A8-9600;3033
Intel Core i3-3245 @ 3.40GHz;3032
Intel Core i7-3540M @ 3.00GHz;3028
Intel Pentium Silver J5005 @ 1.50GHz;3024
AMD Athlon II X4 630;3018
AMD Athlon X4 950;3006
Intel Core i7-960 @ 3.20GHz;3003
Intel Core m3-8100Y @ 1.10GHz;2995
Intel Core i7-5600U @ 2.60GHz;2993
Intel Pentium G4520 @ 3.60GHz;2993
Intel Core i3-4130T @ 2.90GHz;2992
Intel Core i5-3360M @ 2.80GHz;2990
Intel Core i5-6200U @ 2.30GHz;2989
AMD FX-4130 Quad-Core;2987
AMD A8-6500B APU;2984
Intel Xeon E5-2407 @ 2.20GHz;2983
Intel Core i3-4150T @ 3.00GHz;2982
Intel Core i7-930 @ 2.80GHz;2982
Intel Xeon X6550 @ 2.00GHz;2978
AMD Athlon X4 760K Quad Core;2976
AMD FX-670K Quad-Core;2971
Intel Core i5-24050S @ 2.50GHz;2966
Intel Core i5-7Y57 @ 1.20GHz;2958
Intel Core i7-860 @ 2.80GHz;2947
Intel Core i7-5650U @ 2.20GHz;2947
AMD RX-427BB;2943
Intel Xeon E5-2603 @ 1.80GHz;2940
AMD Phenom II X6 1035T;2938
Intel Celeron J4105 @ 1.50GHz;2937
AMD R-464L APU;2929
Intel Core i7-4558U @ 2.80GHz;2928
Intel Core i5-4210H @ 2.90GHz;2927
Six-Core AMD Opteron 2419 EE;2926
Intel Xeon W3520 @ 2.67GHz;2920
Intel Core i5-4300M @ 2.60GHz;2918
Intel Core i3-6157U @ 2.40GHz;2917
Intel Pentium G4500 @ 3.50GHz;2914
AMD A10-4657M APU;2907
AMD PRO A10-8700B;2906
Intel Core i5-3340M @ 2.70GHz;2906
AMD Phenom 9950 Quad-Core;2897
AMD Phenom X4 Quad-Core GP-9730;2897
AMD A12-9800E;2896
AMD FX-4100 Quad-Core;2896
AMD GX-424CC SOC;2893
AMD PRO A10-9700E;2876
Intel Xeon X3460 @ 2.80GHz;2873
Intel Celeron G4930 @ 3.20GHz;2863
Intel Core i7-4560U @ 1.60GHz;2860
AMD Athlon II X4 615e;2856
AMD A8-6500 APU;2845
Intel Core i5-6267U @ 2.90GHz;2842
Intel Core i5-2500T @ 2.30GHz;2841
Intel Core i3-2310E @ 2.10GHz;2839
Intel Xeon E5-2403 v2 @ 1.80GHz;2835
Intel Core i5-5300U @ 2.30GHz;2828
AMD Opteron 3350 HE;2827
Intel Core i5-7Y54 @ 1.20GHz;2826
Intel Core i3-6100U @ 2.30GHz;2825
AMD FX-9830P;2816
Intel Celeron J4115 @ 1.80GHz;2816
AMD Opteron 2356;2814
Intel Xeon E5540 @ 2.53GHz;2814
Intel Core i7-7Y75 @ 1.30GHz;2812
AMD Phenom 9850 Quad-Core;2811
Intel Core i3-7100U @ 2.40GHz;2806
AMD PRO A10-8770E;2803
AMD Athlon II X4 620;2802
Intel Pentium Silver N5000 @ 1.10GHz;2801
AMD Phenom II X4 B05e;2793
Intel Xeon E5-2403 @ 1.80GHz;2789
Intel Core i5-4402E @ 1.60GHz;2769
AMD Opteron 1356;2766
Intel Xeon E3-1220L V2 @ 2.30GHz;2765
Intel Core i7-4510U @ 2.00GHz;2761
AMD PRO A12-8870E;2759
Intel Core m3-7Y30 @ 1.00GHz;2756
Intel Core i3-3210 @ 3.20GHz;2755
Intel Core i5-3320M @ 2.60GHz;2748
AMD A12-9720P;2741
AMD Phenom II X4 B15e;2737
AMD A10-6800B APU;2736
AMD PRO A12-9800E;2735
Intel Core i7-920 @ 2.67GHz;2728
Intel Core i3-3250T @ 3.00GHz;2727
AMD A8-4500M APU;2722
Intel Core i5-4200M @ 2.50GHz;2722
AMD Athlon II X4 610e;2721
Intel Core i7-3687U @ 2.10GHz;2719
AMD A6-9400;2717
Intel Core i7-870S @ 2.67GHz;2717
Intel Core i7-5500U @ 2.40GHz;2715
AMD Athlon II X3 460;2710
AMD PRO A8-8670E;2710
Intel Core i5-3610ME @ 2.70GHz;2700
AMD Phenom II X940 Quad-Core;2696
AMD A10-4655M APU;2695
AMD Phenom 9750 Quad-Core;2693
Intel Xeon E5530 @ 2.40GHz;2693
Intel Core 860 @ 2.80GHz;2685
Intel Core i7-3667U @ 2.00GHz;2677
Intel Celeron G4920 @ 3.20GHz;2673
Intel Pentium G4400 @ 3.30GHz;2673
AMD GX-420CA SOC;2672
Intel Xeon X3440 @ 2.53GHz;2672
Intel Core i3-7102E @ 2.10GHz;2669
Intel Xeon E5-2603 v2 @ 1.80GHz;2666
Intel Core i3-4110M @ 2.60GHz;2665
AMD A10-4600M APU;2661
Intel Core i7-860S @ 2.53GHz;2658
AMD Phenom II N830 3+1;2652
Intel Core i7-3537U @ 2.00GHz;2648
Intel Celeron N4100 @ 1.10GHz;2645
Intel Core m3-7Y32 @ 1.10GHz;2644
Intel Core2 Extreme X9775 @ 3.20GHz;2640
Intel Core i5-3230M @ 2.60GHz;2636
Intel Core i5-4288U @ 2.60GHz;2635
AMD Opteron 1354;2632
Intel Xeon L5530 @ 2.40GHz;2626
AMD A4-7210 APU;2625
Intel Core i5-4258U @ 2.40GHz;2622
AMD A10-9700E;2617
Intel Core i7-2640M @ 2.80GHz;2614
Intel Xeon X5492 @ 3.40GHz;2611
AMD FX-7600P;2606
AMD Phenom II X4 970;2606
Intel Core i3-2140 @ 3.50GHz;2603
Intel Core i7-4600U @ 2.10GHz;2594
Intel Xeon X3450 @ 2.67GHz;2591
Intel Pentium G3470 @ 3.60GHz;2589
AMD Athlon II X4 605e;2587
Intel Core i3-4330TE @ 2.40GHz;2582
Intel Core i5-4300U @ 1.90GHz;2579
Intel Core i3-3250 @ 3.50GHz;2577
AMD Phenom 9600B Quad-Core;2575
AMD Athlon X3 435;2574
Intel Xeon X5460 @ 3.16GHz;2572
Intel Core m5-6Y54 @ 1.10GHz;2567
AMD A6-7480;2565
AMD Athlon II X3 445;2560
Intel Core i5-5350U @ 1.80GHz;2559
AMD Athlon X4 620;2558
Intel Xeon L5520 @ 2.27GHz;2557
AMD A4-6250J APU;2556
Intel Celeron N4120 @ 1.10GHz;2555
AMD A12-9730P;2552
AMD A10-9630P;2546
Intel Core i5-5200U @ 2.20GHz;2546
AMD Phenom II X4 980;2544
Intel Celeron G4900T @ 2.90GHz;2541
Intel Core i5-4308U @ 2.80GHz;2541
Intel Atom C3558 @ 2.20GHz;2539
AMD Phenom II X4 965;2538
Intel Pentium G4500T @ 3.00GHz;2535
AMD Athlon II X3 440;2534
AMD Athlon II X4 640;2534
AMD Embedded G-Series GX-420GI Radeon R7E;2533
Intel Celeron G3950 @ 3.00GHz;2530
HP Hexa-Core 2.0GHz;2524
AMD PRO A6-8500B;2521
Intel Xeon E5520 @ 2.27GHz;2518
Intel Core i7-5550U @ 2.00GHz;2513
Intel Core i3-4100M @ 2.50GHz;2506
AMD Phenom II X920 Quad-Core;2503
Intel Core i5-3210M @ 2.50GHz;2503
Intel Core i3-2130 @ 3.40GHz;2497
Intel Core m5-6Y57 @ 1.10GHz;2493
Intel Pentium 4417U @ 2.30GHz;2490
Intel Celeron G3930 @ 2.90GHz;2486
Intel Xeon X5450 @ 3.00GHz;2481
AMD Phenom 9550 Quad-Core;2477
Intel Core i3-5157U @ 2.50GHz;2477
Intel Core i5-3437U @ 1.90GHz;2477
Intel Xeon X5482 @ 3.20GHz;2477
Intel Core i7-4500U @ 1.80GHz;2476
Intel Xeon E5450 @ 3.00GHz;2476
AMD Athlon II X4 600e;2473
Intel Pentium G3450 @ 3.40GHz;2473
AMD Phenom 9750B Quad-Core;2469
AMD Phenom 9450e Quad-Core;2468
Intel Pentium 5405U @ 2.30GHz;2463
Intel Xeon X5470 @ 3.33GHz;2462
AMD A4 PRO-3340B;2461
Intel Core2 Extreme X9770 @ 3.20GHz;2461
Intel Core i3-2125 @ 3.30GHz;2456
Intel Atom C3538 @ 2.10GHz;2455
Intel Celeron G4900 @ 3.10GHz;2451
AMD Opteron 2354;2450
AMD Phenom II N970 Quad-Core;2449
AMD A10-8700P;2444
AMD Phenom II X4 B65;2444
Intel Pentium G3460 @ 3.50GHz;2443
Intel Core i5-4260U @ 1.40GHz;2440
AMD A6-5400B APU;2427
AMD Athlon II X3 435;2427
AMD A10-9600P;2426
Intel Pentium G4400T @ 2.90GHz;2426
Intel Core i3-3220T @ 2.80GHz;2422
AMD Athlon II X4 559;2415
AMD Phenom II X4 975;2413
Intel Core i5-2390T @ 2.70GHz;2411
AMD Embedded R-Series RX-216GD;2409
Intel Core i3-7020U @ 2.30GHz;2409
Intel Celeron G3930TE @ 2.70GHz;2408
Intel Pentium G3258 @ 3.20GHz;2408
AMD Phenom II N950 Quad-Core;2406
AMD Athlon X3 455;2402
AMD Phenom II X4 B99;2401
Intel Core i3-6102E @ 1.90GHz;2401
Intel Xeon E5603 @ 1.60GHz;2398
AMD A10-6700T APU;2393
AMD Phenom II X4 960T;2393
Intel Core i7-2620M @ 2.70GHz;2393
Intel Pentium Silver N5030 @ 1.10GHz;2393
Intel Core i5-2540M @ 2.60GHz;2392
Intel Core2 Quad Q9650 @ 3.00GHz;2390
AMD PRO A10-9700B;2380
Intel Core i5-660 @ 3.33GHz;2380
Intel Core i7-4650U @ 1.70GHz;2380
AMD A8-7200P;2379
AMD PRO A8-8600B;2379
AMD Opteron 1352;2374
Intel Core i3-4000M @ 2.40GHz;2373
Intel Core i7-4610Y @ 1.70GHz;2372
AMD A12-9700P;2365
Intel Core i3-3240 @ 3.40GHz;2365
AMD A4-6210 APU;2363
AMD Phenom II X4 955;2361
Intel Core i3-3240T @ 2.90GHz;2357
Intel Xeon X3370 @ 3.00GHz;2355
Intel Core i5-750 @ 2.67GHz;2352
Intel Core i5-3427U @ 1.80GHz;2352
Intel Celeron G3900 @ 2.80GHz;2348
Intel Core i5-4210U @ 1.70GHz;2343
AMD A8-6410 APU;2341
Intel Pentium G3430 @ 3.30GHz;2335
Intel Core i3-6006U @ 2.00GHz;2334
Intel Core i5-760 @ 2.80GHz;2334
AMD Athlon 5350 APU;2328
AMD Phenom II X4 840T;2326
Intel Core i3-21050 @ 3.10GHz;2325
Intel Core i5-4200U @ 1.60GHz;2325
Intel Xeon L3426 @ 1.87GHz;2322
AMD Phenom II X6 1075T;2303
Intel Xeon X3430 @ 2.40GHz;2303
AMD Opteron X3216 APU;2302
Intel Core2 Quad Q9550 @ 2.83GHz;2300
Intel Core i3-3220 @ 3.30GHz;2300
Intel Core i5-3337U @ 1.80GHz;2299
AMD Phenom II X4 B60;2297
AMD Athlon II X4 553;2294
Intel Core i5-4250U @ 1.30GHz;2293
AMD PRO A8-9600B;2292
AMD A10-7400P;2291
AMD Opteron 3260 HE;2289
Intel Core i5-2520M @ 2.50GHz;2275
AMD PRO A12-9800B;2269
Intel Core i7-3517U @ 1.90GHz;2268
AMD Athlon II X3 455;2267
Intel Core2 Extreme X9750 @ 3.16GHz;2267
AMD Phenom II X4 B70;2266
Intel Pentium G3440 @ 3.30GHz;2265
AMD Phenom 9350e Quad-Core;2262
AMD Phenom II X4 973;2261
Intel Celeron G3930T @ 2.70GHz;2261
Intel Pentium J4205 @ 1.50GHz;2260
Intel Core i5-2560M @ 2.70GHz;2258
Intel Pentium N4200 @ 1.10GHz;2257
AMD FX-9800P;2256
AMD Phenom 9600 Quad-Core;2255
AMD Phenom II X4 977;2255
Intel Core i3-3130M @ 2.60GHz;2253
AMD A8-3870K APU;2250
AMD Phenom II X4 B97;2250
Intel Core i3-2105 @ 3.10GHz;2248
AMD Athlon II X3 420e;2242
AMD Phenom X4 Quad-Core GP-9600;2235
Intel Core i5-4350U @ 1.40GHz;2235
Intel Xeon X3380 @ 3.16GHz;2228
AMD Athlon II X4 651 Quad-Core;2224
Intel Core i5-680 @ 3.60GHz;2224
Intel Xeon X5472 @ 3.00GHz;2223
Intel Pentium G3420 @ 3.20GHz;2222
Intel Pentium G3250 @ 3.20GHz;2214
Intel Pentium 4415U @ 2.30GHz;2212
AMD Athlon 5150 APU;2204
Intel Core i7-3517UE @ 1.70GHz;2203
AMD A6-5200 APU;2195
Intel Celeron J3455 @ 1.50GHz;2193
AMD Athlon II X4 555;2191
AMD Athlon X3 425;2191
AMD Phenom II N930 Quad-Core;2186
Intel Pentium 4405U @ 2.10GHz;2184
Intel Core2 Extreme X9650 @ 3.00GHz;2180
Intel Celeron G3900T @ 2.60GHz;2177
AMD A4-5050 APU;2176
Intel Pentium G3440T @ 2.80GHz;2176
AMD Phenom II X4 B55;2175
AMD PRO A4-3350B APU;2170
Intel Atom C2558 @ 2.40GHz;2169
AMD PRO A12-8830B;2168
Intel Pentium G4400TE @ 2.40GHz;2168
Intel Pentium G3260 @ 3.30GHz;2161
AMD Athlon II X3 425;2160
Intel Xeon E5430 @ 2.66GHz;2159
Intel Xeon E5440 @ 2.83GHz;2156
Intel Xeon X3363 @ 2.83GHz;2154
AMD Phenom II X4 B95;2153
Intel Pentium G2140 @ 3.30GHz;2152
Intel Core i3-5005U @ 2.00GHz;2151
Intel Core i3-2102 @ 3.10GHz;2150
Intel Xeon E5472 @ 3.00GHz;2144
Intel Core i5-5250U @ 1.60GHz;2142
Intel Core i3-5020U @ 2.20GHz;2138
Intel Xeon E3-1220L @ 2.20GHz;2137
AMD Athlon X4 750 Quad Core;2136
AMD PRO A10-8730B;2133
Quad-Core AMD Opteron 1389;2133
Intel Celeron G3920 @ 2.90GHz;2132
Intel Core2 Extreme Q6800 @ 2.93GHz;2131
Intel Core i3-3225 @ 3.30GHz;2131
AMD Opteron 2384;2128
AMD A8-7410 APU;2125
AMD A10-9620P;2125
AMD A8-3850 APU;2122
AMD Phenom II X4 925;2122
AMD Phenom II X4 B50;2121
AMD A6-3670 APU;2117
Intel Xeon X5365 @ 3.00GHz;2117
AMD Athlon II X3 415e;2116
Intel Xeon X3360 @ 2.83GHz;2115
AMD Sempron 240;2111
Intel Pentium G3420T @ 2.70GHz;2111
AMD FX-7500 APU;2110
Intel Xeon L3360 @ 2.83GHz;2107
Intel Core i7-940XM @ 2.13GHz;2105
Intel Core2 Quad Q9500 @ 2.83GHz;2100
AMD A10-5750M APU;2099
Intel Pentium 1403 @ 2.60GHz;2096
AMD Phenom II N870 Triple-Core;2095
Intel Core i5-3317U @ 1.70GHz;2093
Intel Xeon X3353 @ 2.66GHz;2092
AMD A4-5100 APU;2091
AMD Phenom 9500 Quad-Core;2091
Intel Core i5-670 @ 3.47GHz;2087
Intel Core i7-920XM @ 2.00GHz;2087
Intel Atom C2538 @ 2.40GHz;2086
Intel Xeon E5462 @ 2.80GHz;2085
Intel Pentium 1403 v2 @ 2.60GHz;2084
Intel Pentium G3450T @ 2.90GHz;2082
AMD Phenom 8850B Triple-Core;2081
AMD Athlon X3 440;2079
AMD A6-7310 APU;2076
Intel Pentium G3220 @ 3.00GHz;2069
AMD Opteron 3250 HE;2067
AMD A6-8500P;2066
Intel Core i7-4550U @ 1.50GHz;2066
Intel Core i5-4310U @ 2.00GHz;2065
Intel Core i3-2120 @ 3.30GHz;2062
Intel Pentium G3260T @ 2.90GHz;2058
Intel Core i5-661 @ 3.33GHz;2055
AMD Phenom II X4 945;2052
Intel Atom E3950 @ 1.60GHz;2049
Intel Atom C2550 @ 2.40GHz;2048
Intel Celeron G1850 @ 2.90GHz;2045
Intel Core i3-5010U @ 2.10GHz;2045
Intel Core i7-2655LE @ 2.20GHz;2043
AMD A10-5757M APU;2041
Intel Atom T5700 @ 1.70GHz;2039
Intel Core i5-2430M @ 2.40GHz;2039
AMD PRO A6-8550B;2038
Intel Pentium G3250T @ 2.80GHz;2033
AMD Phenom 8750 Triple-Core;2030
AMD A4-5000 APU;2027
Intel Core i7-640M @ 2.80GHz;2026
Intel Xeon X3350 @ 2.66GHz;2025
Intel Core i5-655K @ 3.20GHz;2017
Intel Celeron 4305UE @ 2.00GHz;2015
Intel Celeron G3900E @ 2.40GHz;2013
Intel Core i7-840QM @ 1.87GHz;2013
Intel Core i5-650 @ 3.20GHz;2012
Intel Core i5-2410M @ 2.30GHz;2012
AMD E2-6110 APU;2011
AMD Phenom II P960 Quad-Core;2008
AMD R-272F APU;2007
Intel Core i5-2450M @ 2.50GHz;2004
AMD A8-5550M APU;2003
Intel Pentium G2130 @ 3.20GHz;2000
Intel Xeon L5430 @ 2.66GHz;1999
AMD Phenom II X4 940;1998
Intel Core i5-2415M @ 2.30GHz;1995
AMD Phenom X4 Quad-Core GP-9530;1994
Intel Core i5-2515E @ 2.50GHz;1994
AMD Athlon II X3 450;1992
AMD Athlon II X4 638 Quad-Core;1989
Intel Core2 Quad Q9400 @ 2.66GHz;1987
AMD E2-7110 APU;1978
AMD Athlon II X4 631 Quad-Core;1977
AMD Phenom II P940 Quad-Core;1977
Intel Core i3-3120M @ 2.50GHz;1970
Intel Core i5-4422E @ 1.80GHz;1969
AMD Phenom X3 8550;1968
Intel Pentium G2120 @ 3.10GHz;1966
Intel Core M-5Y71 @ 1.20GHz;1965
Intel Core m7-6Y75 @ 1.20GHz;1962
Intel Core i5-580M @ 2.67GHz;1960
AMD R-460L APU;1955
Intel Xeon X3330 @ 2.66GHz;1954
AMD A8-6500T APU;1953
Intel Atom E3900 @ 1.60GHz;1953
Intel Celeron G3900TE @ 2.30GHz;1947
Quad-Core AMD Opteron 1385;1947
AMD Athlon II X4 641 Quad-Core;1943
AMD A10 PRO-7350B APU;1941
AMD Phenom II X4 820;1941
Intel Core2 Extreme Q9200 @ 2.40GHz;1941
AMD Phenom II X4 830;1936
Intel Core i3-5015U @ 2.10GHz;1936
Intel Core i7-3555LE @ 2.50GHz;1935
Intel Core M-5Y31 @ 0.90GHz;1935
AMD A8-5557M APU;1933
AMD Phenom 9650 Quad-Core;1932
Intel Core i3-2330E @ 2.20GHz;1932
Intel Core i5-2435M @ 2.40GHz;1932
AMD Phenom 8750B Triple-Core;1929
Intel Core i3-2100T @ 2.50GHz;1929
Intel Core i5-560M @ 2.67GHz;1928
AMD Athlon II X3 400e;1924
AMD Athlon II X3 405e;1924
AMD Opteron 3320 EE;1919
AMD A8-3820 APU;1918
Intel Core2 Quad Q9450 @ 2.66GHz;1917
Intel Pentium G3240 @ 3.10GHz;1917
Intel Xeon X3230 @ 2.66GHz;1916
AMD Opteron 2378;1912
Intel Xeon L5420 @ 2.50GHz;1912
Intel Celeron G1840 @ 2.80GHz;1909
Intel Core2 Extreme Q6850 @ 3.00GHz;1907
AMD A6-3650 APU;1904
AMD Phenom II X4 920;1904
Intel Celeron G1820 @ 2.70GHz;1897
Intel Core i5-3439Y @ 1.50GHz;1897
Intel Core2 Quad Q9505 @ 2.83GHz;1896
AMD Phenom 8600B Triple-Core;1895
Intel Core i3-2100 @ 3.10GHz;1893
Intel Core i3-4120U @ 2.00GHz;1889
AMD A6-6310 APU;1888
Intel Core M-5Y10c @ 0.80GHz;1881
AMD Sempron 3850 APU;1878
AMD Phenom 8650 Triple-Core;1877
AMD Phenom II X4 910;1877
AMD Phenom 8450 Triple-Core;1875
Intel Xeon E5420 @ 2.50GHz;1870
AMD A6-7470K;1869
Intel Atom E3940 @ 1.60GHz;1868
Intel Core i5-2510E @ 2.50GHz;1866
Intel Core i3-4030U @ 1.90GHz;1863
Intel Core m3-6Y30 @ 0.90GHz;1862
Intel Pentium G3240T @ 2.70GHz;1861
AMD PRO A4-8350B;1857
Intel Core2 Quad Q9100 @ 2.26GHz;1856
AMD Phenom 8850 Triple-Core;1855
AMD Phenom II X4 B93;1854
Intel Core2 Quad Q9300 @ 2.50GHz;1854
AMD Phenom II X4 910e;1851
AMD A6-5400K APU;1848
AMD Phenom II N830 Triple-Core;1847
Intel Core i7-620M @ 2.67GHz;1847
AMD Phenom II X3 B77;1845
AMD Opteron 2222;1844
AMD Opteron 1381;1843
AMD Phenom 8450e Triple-Core;1842
Intel Celeron N3450 @ 1.10GHz;1842
AMD A8-4555M APU;1838
AMD A6 Micro-6500T APU;1835
Intel Xeon E5507 @ 2.27GHz;1831
Intel Core i3-560 @ 3.33GHz;1830
AMD A8-7100 APU;1827
Intel Celeron J4025 @ 2.00GHz;1825
Intel Core i7-820QM @ 1.73GHz;1825
AMD Phenom II N850 Triple-Core;1820
Intel Celeron N4020 @ 1.10GHz;1820
Intel Celeron 3965U @ 2.20GHz;1818
Intel Core i7-610E @ 2.53GHz;1818
Intel Xeon E5506 @ 2.13GHz;1816
Intel Pentium G2020 @ 2.90GHz;1814
Intel Xeon L5410 @ 2.33GHz;1813
AMD A8-5545M APU;1811
AMD Phenom 8250 Triple-Core;1810
Intel Core2 Quad Q6700 @ 2.66GHz;1807
Intel Core2 Extreme Q9300 @ 2.53GHz;1805
Intel Core M-5Y10a @ 0.80GHz;1805
Intel Core i3-4110U @ 1.90GHz;1797
Intel Core i5-4230U @ 1.90GHz;1797
Intel Xeon X5355 @ 2.66GHz;1793
Intel Core i7-2637M @ 1.70GHz;1792
Intel Pentium G3220T @ 2.60GHz;1792
AMD Phenom II X4 810;1789
AMD A10-5745M APU;1788
Intel Core i7-2617M @ 1.50GHz;1788
AMD PRO A6-8570;1784
AMD QC-4000;1781
AMD A6-9500;1775
AMD PRO A6-7350B;1774
Intel Core i7-740QM @ 1.73GHz;1774
AMD A8-3800 APU;1773
Intel Xeon X3323 @ 2.50GHz;1773
AMD A6-4400M APU;1772
AMD GX-415GA SOC;1767
Intel Core i3-3110M @ 2.40GHz;1762
Intel Core i5-4302Y @ 1.60GHz;1762
AMD Phenom 8250e Triple-Core;1761
Intel Core i3-2120T @ 2.60GHz;1760
AMD Phenom II X4 805;1759
Intel Celeron G1820T @ 2.40GHz;1759
AMD Phenom X4 Quad-Core GP-9500;1758
AMD Opteron 1222;1757
AMD Phenom II P860 Triple-Core;1755
Intel Core i3-4025U @ 1.90GHz;1754
Intel Core i7-720QM @ 1.60GHz;1753
Intel Core i7-2677M @ 1.80GHz;1752
Intel Xeon X3220 @ 2.40GHz;1752
Intel Xeon E5410 @ 2.33GHz;1745
Intel Pentium G2100T @ 2.60GHz;1741
AMD Phenom II P920 Quad-Core;1740
AMD Phenom II X4 905e;1740
AMD A6-6400B APU;1738
AMD Athlon X2 340 Dual Core;1733
AMD Athlon 64 X2 Dual Core 6400+;1730
AMD Phenom II X3 740;1729
Intel Core i5-520M @ 2.40GHz;1724
AMD Phenom X2 Dual-Core GE-6060;1722
AMD A6-8550;1719
Intel Core2 Quad Q8400 @ 2.66GHz;1709
AMD Phenom 9100e Quad-Core;1707
Intel Pentium 4415Y @ 1.60GHz;1705
Intel Xeon X3320 @ 2.50GHz;1705
AMD PRO A6-9500;1704
AMD A8 PRO-7150B APU;1703
AMD Opteron 2220;1702
AMD A6-3620 APU;1700
AMD A6 PRO-7400B;1699
AMD A9-9430;1698
Intel Core i7-3689Y @ 1.50GHz;1690
AMD A9-9425;1687
AMD Phenom FX-5200 Quad-Core;1685
Intel Core i3-550 @ 3.20GHz;1685
AMD A6-3600 APU;1684
AMD Opteron 2373 EE;1677
AMD A4-4300M APU;1676
Intel Pentium G3320TE @ 2.30GHz;1676
AMD A6-1450 APU;1675
AMD Opteron 1220;1671
AMD A6-9500E;1669
AMD A6-6420B APU;1667
Intel Core i3-4010U @ 1.70GHz;1667
Intel Pentium G2030 @ 3.00GHz;1667
Intel Core i3-4158U @ 2.00GHz;1666
Intel Xeon L5408 @ 2.13GHz;1663
AMD GX-222GC SOC;1662
Intel Pentium 3560M @ 2.40GHz;1662
AMD Athlon II X2 210e;1659
Intel Celeron 2000E @ 2.20GHz;1659
AMD Athlon 7850 Dual-Core;1656
AMD Phenom II P840 Triple-Core;1651
Intel Celeron G1830 @ 2.80GHz;1647
AMD Phenom II X3 B75;1646
AMD A6-6420K APU;1642
Intel Core i3-3227U @ 1.90GHz;1642
AMD Phenom FX-5000 Quad-Core;1641
Intel Pentium G2030T @ 2.60GHz;1641
AMD Phenom 8600 Triple-Core;1640
AMD A6-7400K APU;1639
AMD Phenom II X3 720;1635
Intel Celeron G1840T @ 2.50GHz;1635
AMD PRO A6-8570E;1632
AMD Phenom 9150e Quad-Core;1630
Intel Core M-5Y10 @ 0.80GHz;1630
Intel Pentium G870 @ 3.10GHz;1629
Intel Xeon E5345 @ 2.33GHz;1622
Intel Core i5 E 520 @ 2.40GHz;1619
AMD Athlon X2 370K Dual Core;1618
AMD A10-7300 APU;1616
AMD Athlon 64 FX-62 Dual Core;1616
Intel Xeon L5335 @ 2.00GHz;1616
Intel Core M-5Y70 @ 1.10GHz;1615
Intel Core i5-540M @ 2.53GHz;1613
Intel Pentium G2120T @ 2.70GHz;1613
AMD A4 Micro-6400T APU;1608
Intel Core i3-4005U @ 1.70GHz;1608
Intel Pentium G850 @ 2.90GHz;1607
Intel Celeron 3955U @ 2.00GHz;1606
AMD Phenom II P820 Triple-Core;1601
Intel Core2 Quad Q6600 @ 2.40GHz;1599
Intel Pentium 4410Y @ 1.50GHz;1598
Intel Celeron G1610 @ 2.60GHz;1597
AMD A4-6320 APU;1595
Intel Celeron G1620 @ 2.70GHz;1595
AMD Opteron 2218;1594
Intel Xeon E5504 @ 2.00GHz;1592
Intel Celeron J4005 @ 2.00GHz;1591
Intel Core i3-530 @ 2.93GHz;1591
Intel Core M-5Y51 @ 1.10GHz;1588
Intel Core i7-640LM @ 2.13GHz;1582
AMD A9-9420;1578
AMD Phenom II X3 B73;1577
AMD R-260H APU;1576
Intel Celeron N4000 @ 1.10GHz;1576
Intel Core i3-4030Y @ 1.60GHz;1574
Intel Core i5-4210Y @ 1.50GHz;1570
AMD Phenom X2 Dual-Core GE-5060;1566
AMD Athlon 64 X2 Dual Core 6000+;1565
Intel Core i5-4300Y @ 1.60GHz;1564
Intel Celeron G1630 @ 2.80GHz;1562
AMD A4-5300B APU;1560
Intel Core2 Quad Q8200 @ 2.33GHz;1558
AMD A9-9410;1556
Intel Core i3-540 @ 3.07GHz;1553
AMD A4-5300 APU;1551
AMD A8-3550MX APU;1551
Intel Celeron G1620T @ 2.40GHz;1551
Intel Celeron 2970M @ 2.20GHz;1550
AMD A4-7300 APU;1548
AMD A8-3510MX APU;1548
Athlon 64 Dual Core 5600+;1548
AMD A4-6300B APU;1546
AMD GX-412HC;1546
Intel Pentium 3550M @ 2.30GHz;1546
Intel Celeron 4205U @ 1.80GHz;1545
AMD Phenom II X4 900e;1544
Intel Pentium G860 @ 3.00GHz;1542
Intel Xeon X3210 @ 2.13GHz;1540
Intel Pentium G645 @ 2.90GHz;1538
AMD Athlon 7750 Dual-Core;1535
AMD PRO A6-9500E;1531
Intel Core i3-2350M @ 2.30GHz;1531
AMD A4 PRO-7300B APU;1529
Intel Xeon E5405 @ 2.00GHz;1527
Intel Pentium 2030M @ 2.50GHz;1512
Intel Core i5-4200Y @ 1.40GHz;1511
Intel Pentium G2020T @ 2.50GHz;1510
Intel Pentium 3825U @ 1.90GHz;1506
Intel Pentium 4405Y @ 1.50GHz;1505
Athlon 64 Dual Core 5000+;1504
AMD Athlon 7550 Dual-Core;1503
Intel Pentium G640 @ 2.80GHz;1499
AMD A4-6300 APU;1497
Intel Celeron 3865U @ 1.80GHz;1497
Intel Pentium G840 @ 2.80GHz;1496
AMD Athlon 64 FX-74;1495
Intel Core i7-2610UE @ 1.50GHz;1494
Intel Core i5-480M @ 2.67GHz;1492
Intel Core2 Quad Q9000 @ 2.00GHz;1491
AMD A9-9400;1489
Intel Core i3-2370M @ 2.40GHz;1488
Intel Core2 Quad Q8300 @ 2.50GHz;1486
Intel Xeon @ 2.20GHz;1480
AMD Phenom 8400 Triple-Core;1471
Intel Xeon X5270 @ 3.50GHz;1471
2067;1470
AMD Opteron 285;1470
AMD Opteron 1218;1469
AMD Opteron 290;1465
AMD Athlon Dual Core 5400B;1462
Intel Atom x7-Z8750 @ 1.60GHz;1457
Intel Celeron 3867U @ 1.80GHz;1455
AMD TurionX2 Ultra DualCore Mobile ZM-85;1454
AMD A8-3530MX APU;1453
Intel Xeon E3-1220L v3 @ 1.10GHz;1453
Intel Core i3-2312M @ 2.10GHz;1451
Intel Pentium J3710 @ 1.60GHz;1450
Intel Celeron 1020E @ 2.20GHz;1447
AMD Phenom II X3 710;1440
AMD Phenom X2 Dual-Core GP-7730;1436
Intel Pentium 2020M @ 2.40GHz;1435
Intel Core i3-2332M @ 2.20GHz;1434
Intel Xeon E5335 @ 2.00GHz;1432
Intel Pentium G630 @ 2.70GHz;1427
AMD Phenom II X3 700e;1426
Intel Core i5-3339Y @ 1.50GHz;1425
Intel Pentium N3710 @ 1.60GHz;1422
Pentium Dual-Core E6000 @ 3.46GHz;1421
Intel Xeon E7320 @ 2.13GHz;1415
Intel Core i3-4020Y @ 1.50GHz;1414
AMD Athlon 64 X2 Dual Core 5800+;1410
Intel Core i3-3217UE @ 1.60GHz;1402
Intel Pentium G6951 @ 2.80GHz;1401
Intel Core i5-2467M @ 1.60GHz;1399
AMD Opteron 2220 SE;1398
Intel Atom x5-Z8550 @ 1.44GHz;1395
Intel Core2 Duo E8600 @ 3.33GHz;1394
Intel Pentium G2010 @ 2.80GHz;1386
AMD E1-6050J APU ;1385
AMD A6-9220;1383
AMD Athlon Dual Core 5000B;1379
Intel Xeon E3113 @ 3.00GHz;1379
Intel Xeon X5272 @ 3.40GHz;1378
Intel Xeon E5240 @ 3.00GHz;1376
Intel Core i5-4202Y @ 1.60GHz;1373
AMD Athlon 64 X2 Dual Core 5400+;1372
AMD A6-4455M APU;1361
Intel Celeron J3160 @ 1.60GHz;1361
Athlon Dual Core 4850e;1360
AMD Phenom II X2 565;1359
AMD PRO A6-8530B;1358
Intel Core i5-450M @ 2.40GHz;1357
Intel Core i5-4220Y @ 1.60GHz;1357
AMD A6-9230;1352
AMD Opteron 2393 SE;1351
Intel Core i3-4012Y @ 1.50GHz;1350
AMD A4-4020 APU;1349
Intel Atom x7-Z8700 @ 1.60GHz;1348
AMD E2-3800 APU;1346
Intel Celeron G555 @ 2.70GHz;1344
AMD Embedded G-Series GX-224IJ Radeon R4E;1343
AMD Athlon Dual Core 5050e;1342
Intel Celeron G1610T @ 2.30GHz;1342
AMD Phenom II X2 570;1338
Intel Core2 Duo E8290 @ 2.83GHz;1337
Intel Xeon L5310 @ 1.60GHz;1334
Intel Celeron G540 @ 2.50GHz;1331
Intel Celeron 2950M @ 2.00GHz;1324
Intel Core i3-2328M @ 2.20GHz;1323
AMD A6-5357M APU;1322
Intel Core i3-390M @ 2.67GHz;1322
AMD Opteron 185;1319
AMD Turion 64 X2 Mobile TL-68;1319
AMD A6-3420M APU;1318
AMD Athlon X2 280;1316
Intel Xeon X5260 @ 3.33GHz;1316
AMD A6-3430MX APU;1314
AMD A6-6400K APU;1313
Intel Celeron 1020M @ 2.10GHz;1312
Intel Core i5-460M @ 2.53GHz;1310
AMD Athlon 64 X2 Dual Core 5000+;1306
AMD Athlon Dual Core 5600B;1304
AMD A8-3520M APU;1302
AMD Opteron 1214 HE;1300
Intel Celeron G550 @ 2.60GHz;1300
Intel Xeon E5320 @ 1.86GHz;1297
Intel Celeron N3160 @ 1.60GHz;1294
Intel Pentium G620 @ 2.60GHz;1294
Intel Core i5 750S @ 2.40GHz;1293
Intel Pentium G6960 @ 2.93GHz;1293
Intel Xeon L3110 @ 3.00GHz;1292
AMD Opteron 275;1291
Intel Xeon L5240 @ 3.00GHz;1290
Intel Atom x5-Z8500 @ 1.44GHz;1288
AMD Athlon Dual Core 4850B;1286
AMD A4-9125;1285
AMD Athlon Dual Core 4850e;1280
AMD Turion X2 Ultra Dual-Core Mobile ZM-86;1279
Intel Celeron N4000C @ 1.10GHz;1278
AMD A4-4355M APU;1275
AMD A6-9225;1274
Intel Xeon E3120 @ 3.16GHz;1274
Intel Core i3-3229Y @ 1.40GHz;1272
Intel Core i3-4010Y @ 1.30GHz;1270
AMD A6-5350M APU;1267
AMD A6-3500 APU;1266
AMD Turion X2 Ultra Dual-Core Mobile ZM-84;1265
AMD Opteron 180;1264
Intel Celeron 3765U @ 1.90GHz;1264
Intel Core2 Extreme X9000 @ 2.80GHz;1264
AMD A4-9120;1262
AMD A6-9220C;1262
AMD Turion X2 Ultra Dual-Core Mobile ZM-85;1262
AMD A8-3500M APU;1260
Intel Celeron J3355 @ 2.00GHz;1260
Intel Core i3-330E @ 2.13GHz;1260
Intel Core i3-370M @ 2.40GHz;1258
Intel Xeon E5310 @ 1.60GHz;1258
AMD A6-3410MX APU;1256
AMD Phenom II X2 B59;1254
AMD Phenom II X3 705e;1254
Intel Celeron 3965Y @ 1.50GHz;1253
Intel Pentium G645T @ 2.50GHz;1252
AMD Phenom II X620 Dual-Core;1251
AMD A8-7050;1246
Intel Core i5-430M @ 2.27GHz;1246
Intel Celeron G540T @ 2.10GHz;1244
Intel Core i5-2557M @ 1.70GHz;1243
Intel Pentium N3700 @ 1.60GHz;1243
Intel Core i3-2330M @ 2.20GHz;1242
Intel Core i3-3217U @ 1.80GHz;1240
Intel Core i3-380M @ 2.53GHz;1238
Athlon 64 Dual Core 3800+;1234
Intel Pentium A1020 @ 2.41GHz;1233
Intel Celeron 3855U @ 1.60GHz;1230
AMD A4-4000 APU;1227
Intel Xeon 3.73GHz;1227
AMD Athlon X2 Dual Core BE-2400;1217
AMD Turion X2 Ultra Dual-Core Mobile ZM-82;1217
Intel Celeron G530 @ 2.40GHz;1217
AMD A4-5150M APU;1215
AMD Phenom II X2 555;1215
AMD Athlon 64 X2 Dual Core 4600+;1214
AMD Athlon 64 X2 Dual Core 5600+;1213
ZHAOXIN KaiXian ZX-C+ C4700@2.0GHz;1213
AMD Athlon Dual Core 5200B;1212
AMD A6-9210;1211
AMD Phenom II X2 545;1209
AMD A6-5345M APU;1207
AMD GX-218GL SOC;1207
Dual-Core AMD Opteron 1220 SE;1207
AMD Phenom II X2 560;1206
Intel Pentium G640T @ 2.40GHz;1206
Intel Core i3-2348M @ 2.30GHz;1205
Athlon Dual Core 4450e;1204
Intel Core i3-350M @ 2.27GHz;1203
AMD Athlon 64 FX-60 Dual Core;1201
AMD Athlon 64 X2 Dual Core 4800+;1200
AMD PRO A6-9500B;1199
Intel Core2 Duo E8500 @ 3.16GHz;1197
Intel Atom x5-E8000 @ 1.04GHz;1196
Intel Pentium G6950 @ 2.80GHz;1192
AMD Turion X2 Ultra Dual-Core Mobile ZM-87;1190
AMD Phenom II X2 B55;1189
AMD Opteron 1216;1183
Intel Pentium 3805U @ 1.90GHz;1183
AMD Turion X2 Ultra Dual-Core Mobile ZM-80;1182
AMD Phenom II X2 521;1180
Intel Pentium N3540 @ 2.16GHz;1179
AMD Athlon II X2 265;1178
AMD Opteron 280;1177
AMD E2-3000 APU;1176
Intel Core2 Duo E8335 @ 2.93GHz;1174
AMD Opteron 1216 HE;1172
AMD Opteron 270;1170
AMD Athlon II X2 B28;1169
AMD Opteron 175;1168
Intel Celeron G550T @ 2.20GHz;1168
Intel Pentium B970 @ 2.30GHz;1168
AMD Phenom II X2 550;1166
Intel Core2 Duo E8300 @ 2.83GHz;1166
AMD Phenom II X2 B57;1165
AMD Athlon X2 Dual Core BE-2350;1164
Intel Core2 Duo E7600 @ 3.06GHz;1160
Intel Core i5-2537M @ 1.40GHz;1160
Intel Core2 Duo E8400 @ 3.00GHz;1159
AMD Phenom II X640 Dual-Core;1155
Intel Core i3-2310M @ 2.10GHz;1155
Intel Pentium Extreme Edition 965 @ 3.73GHz;1155
AMD A6-3400M APU;1153
AMD Phenom II X2 511;1153
Athlon Dual Core 4050e;1152
Intel Celeron G1820TE @ 2.20GHz;1151
Intel Core2 Extreme X9100 @ 3.06GHz;1151
AMD Athlon II X2 280;1148
Intel Core2 Duo T9900 @ 3.06GHz;1148
Intel Pentium G620T @ 2.20GHz;1148
AMD GX-217GA SOC;1145
AMD Athlon 64 X2 Dual Core 4400+;1142
Intel Xeon E3110 @ 3.00GHz;1140
AMD Turion Dual-Core RM-75;1139
Intel Xeon W3505 @ 2.53GHz;1139
Intel Core2 Duo T9600 @ 2.80GHz;1137
AMD Turion 64 X2 Mobile TL-66;1136
AMD Embedded G-Series GX-215JJ Radeon R2E;1134
AMD A9-9420e;1131
AMD Turion 64 X2 Mobile TL-62;1131
AMD A4 PRO-7350B;1130
AMD A6-9200;1129
Intel Pentium B980 @ 2.40GHz;1129
AMD Athlon II X2 B26;1127
Intel Celeron 2002E @ 1.50GHz;1127
AMD Athlon 64 X2 QL-65;1126
Intel Core2 Duo E8235 @ 2.80GHz;1126
AMD Opteron 1214;1123
Intel Celeron N3350 @ 1.10GHz;1123
Intel Pentium J2900 @ 2.41GHz;1122
AMD Turion Dual-Core RM-72;1121
Intel Celeron 3755U @ 1.70GHz;1120
Intel Celeron G530T @ 2.00GHz;1118
Intel Core i3-2375M @ 1.50GHz;1117
Intel Core i3-330M @ 2.13GHz;1116
Intel Pentium 2127U @ 1.90GHz;1115
AMD A6-7000 ;1114
Intel Core2 Duo E8335 @ 2.66GHz;1114
AMD Athlon64 X2 Dual Core 4600+;1108
Intel Core2 Duo E6850 @ 3.00GHz;1105
Intel Core i3-2377M @ 1.50GHz;1102
AMD A4-3420 APU;1099
AMD Opteron 170;1097
AMD Turion X2 Dual-Core Mobile RM-77;1097
AMD Athlon Dual Core 4450B;1096
AMD Phenom II X2 B53;1096
AMD A6 PRO-7050B APU;1095
AMD Athlon II X2 250;1094
Intel Celeron 1037U @ 1.80GHz;1094
Intel Core i7-660UM @ 1.33GHz;1091
Intel Xeon 5160 @ 3.00GHz;1091
AMD Turion X2 Dual Core Mobile RM-76;1090
Intel Core2 Duo E8435 @ 3.06GHz;1090
Intel Celeron 1000M @ 1.80GHz;1089
Intel Pentium E5700 @ 3.00GHz;1087
AMD Athlon 64 X2 Dual Core 4000+;1086
Intel Celeron G1101 @ 2.27GHz;1086
AMD PRO A4-4350B;1085
Intel Xeon 3070 @ 2.66GHz;1083
AMD Athlon 64 X2 Dual Core BE-2300;1082
AMD Athlon II X2 270;1080
Intel Core2 Duo P9700 @ 2.80GHz;1080
Intel Xeon 3075 @ 2.66GHz;1079
AMD Turion Dual-Core RM-70;1078
Intel Core2 Duo T9550 @ 2.66GHz;1078
Intel Core i7-620LM @ 2.00GHz;1078
AMD Athlon 64 X2 Dual Core 4200+;1074
Intel Core2 Duo T9800 @ 2.93GHz;1072
AMD Turion X2 Dual-Core Mobile RM-74;1071
AMD Sempron 2650 APU;1070
Intel Celeron 3215U @ 1.70GHz;1070
Intel Pentium E6800 @ 3.33GHz;1068
Intel Pentium N3530 @ 2.16GHz;1068
AMD Phenom X4 Quad-Core GS-6560;1063
Intel Atom Z3795 @ 1.60GHz;1061
Intel Core2 Extreme X6800 @ 2.93GHz;1061
Intel Core i3-2367M @ 1.40GHz;1058
Intel Celeron J1900 @ 1.99GHz;1055
Intel Xeon W3503 @ 2.40GHz;1054
AMD Athlon 7450 Dual-Core;1053
AMD Athlon II X2 255;1053
AMD Phenom II N660 Dual-Core;1051
Intel Core2 Duo E7500 @ 2.93GHz;1050
AMD E2-9010;1048
AMD Turion 64 X2 Mobile TL-60;1047
Intel Core2 Duo E8200 @ 2.66GHz;1047
Intel Core i7-680UM @ 1.47GHz;1046
AMD Athlon 64 X2 Dual Core BE-2350;1045
AMD E2-9000;1045
Intel Pentium N3520 @ 2.16GHz;1044
Intel Celeron N3150 @ 1.60GHz;1043
Intel Pentium E6700 @ 3.20GHz;1043
Intel Core2 Duo P9600 @ 2.66GHz;1042
AMD Athlon II X2 260;1041
Intel Pentium A1018 @ 2.10GHz;1041
AMD Athlon II X2 250e;1038
VIA QuadCore C4650@2.0GHz;1038
Intel Core2 Duo E8135 @ 2.66GHz;1036
Intel Core i3-2340UE @ 1.30GHz;1035
Intel Xeon L5320 @ 1.86GHz;1034
AMD A6-9220e;1032
AMD Turion X2 Dual-Core Mobile RM-72;1032
Intel Xeon 3085 @ 3.00GHz;1031
Intel Pentium E5800 @ 3.20GHz;1030
Intel Pentium B950 @ 2.10GHz;1029
Intel Core i3-2365M @ 1.40GHz;1028
Intel Core2 Duo E6700 @ 2.66GHz;1027
AMD Turion X2 Dual-Core Mobile RM-75;1024
Intel Celeron 2980U @ 1.60GHz;1024
Intel Pentium E5300 @ 2.60GHz;1024
AMD Athlon 64 X2 Dual Core 5200+;1022
AMD Athlon 64 X2 QL-66;1022
AMD Athlon X2 250;1022
Intel Atom x5-E3930 @ 1.30GHz;1022
Intel Celeron 1005M @ 1.90GHz;1022
AMD Athlon II X2 220;1018
AMD E1-7010 APU;1017
AMD Turion Dual-Core RM-74;1017
Intel Pentium G630T @ 2.30GHz;1016
AMD Opteron 1212;1015
AMD TurionX2 Dual Core Mobile RM-70;1015
Intel Core i5-560UM @ 1.33GHz;1015
Intel Pentium B960 @ 2.20GHz;1015
Intel Pentium E6500 @ 2.93GHz;1014
Intel Pentium E5500 @ 2.80GHz;1008
AMD A4-3400 APU;1007
Intel Core Duo T2700 @ 2.33GHz;1007
AMD Athlon 64 X2 QL-67;1006
AMD Phenom X2 Dual-Core GE-7060;1002
Intel Celeron U1900 @ 1.99GHz;1002
AMD Athlon II X2 245e;999
AMD Athlon X2 Dual Core 6850e;999
AMD Athlon II X2 B24;998
Intel Xeon 3060 @ 2.40GHz;998
AMD Sempron Dual Core 2200;996
AMD Turion 64 X2 Mobile TL-56;994
Intel Celeron B840 @ 1.90GHz;994
AMD Turion 64 X2 Mobile TL-64;993
Intel Pentium 3556U @ 1.70GHz;993
Intel Xeon 5150 @ 2.66GHz;993
Intel Core2 Duo E7300 @ 2.66GHz;991
AMD A4-9120C;990
AMD Athlon Dual Core 4050e;989
Intel Core2 Extreme X7800 @ 2.60GHz;988
Intel Pentium 3558U @ 1.70GHz;987
Intel Pentium J2850 @ 2.41GHz;986
Intel Atom x5-Z8350 @ 1.44GHz;985
AMD Sempron Dual Core 2300;982
Intel Core2 Extreme X7900 @ 2.80GHz;981
AMD Phenom II N620 Dual-Core;980
Intel Pentium E5400 @ 2.70GHz;978
AMD E2-9030;975
AMD Athlon II X2 B22;973
Intel Core2 Duo T9300 @ 2.50GHz;973
AMD Sempron Dual Core 2100;972
Intel Core2 Duo P8700 @ 2.53GHz;972
Intel Celeron N2940 @ 1.83GHz;970
Intel Pentium P6300 @ 2.27GHz;967
AMD Athlon 64 X2 Dual Core 3800+;966
Intel Core2 Duo T9500 @ 2.60GHz;966
Intel Core i7-640UM @ 1.20GHz;966
Intel Celeron 1017U @ 1.60GHz;965
Intel Core i7-620UM @ 1.07GHz;964
Intel Celeron N2930 @ 1.83GHz;963
AMD E1 Micro-6200T APU;961
Intel Atom C2358 @ 1.74GHz;961
AMD Athlon 64 X2 3800+;959
Intel T2050 @ 2.00GHz;959
Intel Celeron J1850 @ 1.99GHz;958
AMD A4-3300 APU;957
AMD Phenom II N640 Dual-Core;957
AMD Athlon X2 240e;955
AMD Athlon II X2 240e;954
AMD Turion II Ultra Dual-Core Mobile M640;954
Intel Core2 Duo P8800 @ 2.66GHz;953
AMD Athlon 64 X2 Dual-Core TK-57;950
AMD E1-6010 APU;949
AMD Turion 64 X2 Mobile TL-58;948
Intel Core2 Duo SP9400 @ 2.40GHz;946
AMD Athlon Dual Core 4450e;945
AMD Athlon II X2 235e;945
Intel Core2 Duo P8600 @ 2.40GHz;945
AMD GX-212JC SOC ;944
AMD Turion X2 Dual-Core Mobile RM-70;943
Intel Core Duo T2600 @ 2.16GHz;941
AMD Athlon 64 X2 Dual Core 3400+;940
AMD Athlon II X2 215;940
Intel Core2 Duo P9600 @ 2.53GHz;938
AMD Athlon X2 215;937
Intel Xeon 5133 @ 2.20GHz;937
AMD E1-6015 APU;935
AMD Athlon II X2 245;933
Intel Xeon 5148 @ 2.33GHz;933
AMD Athlon 64 X2 Dual Core 3600+;930
AMD Athlon X2 255;930
Intel Atom E3845 @ 1.91GHz;929
Intel Celeron E3500 @ 2.70GHz;929
AMD Turion X2 Dual Core L510;924
AMD Athlon 64 X2 QL-62;919
Intel Core i3-2357M @ 1.30GHz;918
Intel Atom x5-Z8300 @ 1.44GHz;917
Intel Atom S1260 @ 2.00GHz;916
Intel Celeron 3205U @ 1.50GHz;916
AMD Sempron X2 198 Dual-Core;913
Intel Celeron 2981U @ 1.60GHz;913
Intel Celeron N2920 @ 1.86GHz;912
Intel Pentium Extreme Edition 955 @ 3.46GHz;912
AMD Athlon 64 X2 Dual-Core TK-53;911
AMD Athlon 64 X2 QL-60;908
Intel Xeon 5140 @ 2.33GHz;905
AMD Athlon Neo X2 Dual Core 6850e;904
AMD Athlon II X2 240;901
AMD Athlon II X2 4400e;901
Intel Core2 Duo E6600 @ 2.40GHz;900
Intel Core i5-540UM @ 1.20GHz;900
AMD Opteron 165;899
AMD Turion II Ultra Dual-Core Mobile M660;899
Intel Core2 Duo E6750 @ 2.66GHz;899
Intel Atom C2338 @ 1.74GHz;898
Intel Core2 Duo E7200 @ 2.53GHz;897
AMD Turion II P560 Dual-Core;896
Intel Core2 Duo P7550 @ 2.26GHz;894
Intel Core2 Duo P7570 @ 2.26GHz;894
AMD Athlon II N370 Dual-Core;891
AMD E2-9000e;891
Intel Core2 Duo E7400 @ 2.80GHz;891
AMD Athlon 64 X2 Dual-Core TK-42;884
Intel Core i5-520UM @ 1.07GHz;882
Intel Core2 Duo P8400 @ 2.26GHz;881
AMD Athlon 64 X2 QL-64;880
Intel Pentium B940 @ 2.00GHz;880
AMD Athlon X2 Dual Core BE-2300;879
Intel Core2 Duo T7800 @ 2.60GHz;877
Intel Pentium P6200 @ 2.13GHz;873
AMD Sempron X2 190;872
Intel Xeon E5502 @ 1.87GHz;872
Intel Xeon L3406 @ 2.27GHz;872
AMD Turion II N550 Dual-Core;870
Intel Core2 Duo P9500 @ 2.53GHz;869
AMD Athlon 64 X2 Dual-Core TK-55;868
Intel Celeron B810 @ 1.60GHz;868
AMD Athlon X2 240;867
Intel Celeron 1007U @ 1.50GHz;866
Intel Core2 Duo T7600 @ 2.33GHz;864
AMD A4-3320M APU;861
AMD Athlon Neo X2 Dual Core L335;861
Intel Core2 Duo E6550 @ 2.33GHz;861
AMD Athlon II X2 4450e;860
AMD Turion X2 Dual Core Mobile RM-70;859
Intel Celeron 2957U @ 1.40GHz;859
Intel Celeron 2955U @ 1.40GHz;849
Intel Celeron B820 @ 1.70GHz;846
Intel Pentium N3510 @ 1.99GHz;845
AMD Athlon II X2 4300e;844
AMD E2-3200 APU;843
AMD Athlon Neo X2 Dual Core L325;842
AMD Athlon 64 X2 Dual Core TK-53;840
AMD Athlon 64 X2 Dual Core TK-55;839
Intel Celeron B815 @ 1.60GHz;839
Intel Core2 Duo E4700 @ 2.60GHz;838
Intel Xeon E5503 @ 2.00GHz;837
AMD Turion II Dual-Core Mobile M540;836
Intel Core i5-430UM @ 1.20GHz;836
Intel Pentium 997 @ 1.60GHz;836
Intel Celeron P4600 @ 2.00GHz;835
Intel Core2 Duo L9600 @ 2.13GHz;835
AMD A4-3310MX APU;829
Intel Core2 Duo T9400 @ 2.53GHz;828
AMD Turion II Ultra Dual-Core Mobile M620;826
Intel Pentium 3560Y @ 1.20GHz;823
Intel Atom D2700 @ 2.13GHz;822
Intel Celeron E3400 @ 2.60GHz;822
Intel Pentium E5200 @ 2.50GHz;820
AMD Sempron X2 180;819
Intel Core2 Duo T7700 @ 2.40GHz;819
AMD Athlon 5000 Dual-Core;816
Intel Core Duo L2500 @ 1.83GHz;816
AMD TurionX2 Dual Core Mobile RM-72;815
AMD Phenom II P650 Dual-Core;814
Intel Pentium P6100 @ 2.00GHz;814
AMD Turion II Ultra Dual-Core Mobile M600;813
AMD Turion II N530 Dual-Core;811
Intel Core2 Duo T8100 @ 2.10GHz;811
AMD Athlon X2 Dual Core 3250e;809
Intel Core Duo T2500 @ 2.00GHz;807
AMD E2-2000 APU;803
AMD A4-3330MX APU;801
VIA QuadCore L4700 @ 1.2+ GHz;799
Intel Atom x5-Z8330 @ 1.44GHz;797
Intel Xeon E5205 @ 1.86GHz;796
AMD Athlon 64 FX-57;795
AMD Turion II P540 Dual-Core;794
Intel Pentium E6300 @ 2.80GHz;792
Intel Xeon 3065 @ 2.33GHz;792
Intel Core2 Duo P9300 @ 2.26GHz;790
AMD G-T56N;788
Intel Core2 Duo E6420 @ 2.13GHz;786
Intel Core2 Duo T6500 @ 2.10GHz;786
AMD Turion II Dual-Core Mobile M520;784
Intel Pentium T4500 @ 2.30GHz;781
Intel Core2 Duo E8135 @ 2.40GHz;780
AMD A4-3305M APU;779
Intel Celeron E3300 @ 2.50GHz;778
Intel Core2 Duo E6540 @ 2.33GHz;778
Intel Pentium P6000 @ 1.87GHz;775
Intel Pentium T4300 @ 2.10GHz;775
Intel Atom Z3775D @ 1.49GHz;774
Intel Pentium E6600 @ 3.06GHz;774
Intel Celeron 1047UE @ 1.40GHz;770
Intel Core2 Duo T6570 @ 2.10GHz;770
Intel Pentium T4400 @ 2.20GHz;770
AMD E1-2200 APU;768
AMD Turion Neo X2 Dual Core L625;762
AMD Athlon II N350 Dual-Core;760
Intel Pentium D 950 @ 3.40GHz;760
Intel Celeron E3200 @ 2.40GHz;759
Intel Celeron N3060 @ 1.60GHz;759
Intel Core2 Duo T6670 @ 2.20GHz;759
Intel Pentium 2117U @ 1.80GHz;759
Intel Celeron B800 @ 1.50GHz;758
Intel Core Duo T2400 @ 1.83GHz;754
AMD G-T48E;752
AMD G-T56E;752
AMD Turion 64 X2 Mobile TL-50;752
AMD Turion II P520 Dual-Core;752
Intel Celeron 877 @ 1.40GHz;752
Intel Pentium E2220 @ 2.40GHz;749
Intel Core2 Duo T7500 @ 2.20GHz;748
Intel Celeron J3060 @ 1.60GHz;747
Intel Core2 Duo E4500 @ 2.20GHz;744
Intel Atom Z3770 @ 1.46GHz;743
AMD E-350D APU;742
Intel Xeon 3050 @ 2.13GHz;742
AMD Athlon II P360 Dual-Core;741
Intel Core2 Duo P7450 @ 2.13GHz;741
Intel Xeon 5130 @ 2.00GHz;741
Intel Core2 Duo T7250 @ 2.00GHz;740
VIA Eden X4 C4250 @ 1.2+GHz;740
Intel Atom D2550 @ 1.86GHz;737
Intel Atom Z3775 @ 1.46GHz;737
Intel Core i3-380UM @ 1.33GHz;737
Intel Pentium D 960 @ 3.60GHz;737
AMD A4-3300M APU;736
Intel Celeron E1600 @ 2.40GHz;736
Intel Pentium E2200 @ 2.20GHz;736
AMD E1-2500 APU;735
Intel Celeron 887 @ 1.50GHz;735
Intel Core2 Duo E6400 @ 2.13GHz;735
Intel Core Duo T2350 @ 1.86GHz;735
Intel Xeon 5120 @ 1.86GHz;734
Intel Celeron G470 @ 2.00GHz;733
Intel Core2 Duo E4600 @ 2.40GHz;731
Intel Pentium 987 @ 1.50GHz;731
AMD Athlon 5200 Dual-Core;728
Intel Core2 Duo T6600 @ 2.20GHz;728
Intel Core i5-470UM @ 1.33GHz;726
AMD Turion 64 X2 Mobile TL-52;722
Intel Atom D2701 @ 2.13GHz;721
Intel Atom D525 @ 1.80GHz;720
Intel Core Duo L2300 @ 1.50GHz;720
Intel Core2 Duo P7370 @ 2.00GHz;718
AMD Athlon 64 FX-59;716
Intel Celeron N3010 @ 1.04GHz;716
Intel Core2 Duo T5870 @ 2.00GHz;715
AMD E-350 APU;713
Intel Atom D2560 @ 2.00GHz;712
Intel Xeon 3040 @ 1.86GHz;712
AMD Turion II Dual-Core Mobile M500;711
Intel Celeron 2961Y @ 1.10GHz;710
Intel Core2 Duo P7350 @ 2.00GHz;709
AMD E1-2100 APU;708
AMD Opteron 154;703
Intel Core Duo L2400 @ 1.66GHz;703
AMD Athlon II P340 Dual-Core;702
Intel Celeron N3000 @ 1.04GHz;701
Intel Core Duo T2250 @ 1.73GHz;700
AMD Turion II Neo N54L Dual-Core;698
AMD Opteron 254;694
AMD E2-3000M APU;692
AMD Athlon II P320 Dual-Core;689
Intel Core2 Duo T6400 @ 2.00GHz;688
Intel Core2 Duo T7400 @ 2.16GHz;688
VIA QuadCore U4650 @ 1.0+ GHz;688
Intel Xeon MV 3.20GHz;684
AMD A4-1250 APU;683
Intel Atom E3840 @ 1.91GHz;683
Intel Core2 Duo T5850 @ 2.16GHz;683
Intel Core2 Duo T7200 @ 2.00GHz;683
Intel Pentium T2130 @ 1.86GHz;683
Intel Core2 Duo T7300 @ 2.00GHz;682
Intel Core Duo T2450 @ 2.00GHz;681
AMD Turion II Neo K685 Dual-Core;678
Celeron Dual-Core T3500 @ 2.10GHz;677
Intel Pentium D 940 @ 3.20GHz;675
Intel Celeron N3050 @ 1.60GHz;672
Intel Core Duo T2300 @ 1.66GHz;672
AMD Athlon II X2 270u;670
Celeron Dual-Core T3100 @ 1.90GHz;670
Intel Celeron 450 @ 2.20GHz;667
Intel Core2 Duo E6320 @ 1.86GHz;667
Intel Pentium E2210 @ 2.20GHz;667
Intel Celeron P4500 @ 1.87GHz;666
Intel Core i3-330UM @ 1.20GHz;666
Intel Celeron 857 @ 1.20GHz;663
Intel Core2 Duo T8300 @ 2.40GHz;663
Intel Pentium T2080 @ 1.73GHz;663
AMD Athlon LE-1640;661
Intel Celeron E1500 @ 2.20GHz;661
AMD Athlon II N330 Dual-Core;660
AMD Opteron 152;659
Intel Pentium 957 @ 1.20GHz;659
Intel Atom D510 @ 1.66GHz;658
Intel Pentium 2129Y @ 1.10GHz;657
Intel Core2 Duo L7800 @ 2.00GHz;655
Intel Pentium T4200 @ 2.00GHz;654
AMD A4-1200 APU;653
Intel Celeron N2910 @ 1.60GHz;653
Intel Pentium E2180 @ 2.00GHz;651
Intel Celeron B830 @ 1.80GHz;650
AMD Athlon LE-1620;648
Intel Celeron P4505 @ 1.87GHz;648
AMD Athlon LE-1660;641
AMD Athlon X2 Dual Core L310;640
Intel Celeron 847E @ 1.10GHz;639
Intel Celeron G460 @ 1.80GHz;638
AMD Athlon II Dual-Core M340;636
AMD Athlon 64 3800+;635
AMD Athlon LE-1600;634
Intel Xeon 5110 @ 1.60GHz;634
AMD Athlon 1640B;633
Intel Atom N2800 @ 1.86GHz;633
AMD Athlon II Dual-Core M320;631
Intel Atom Z3745 @ 1.33GHz;631
Intel Core2 Duo E4400 @ 2.00GHz;628
Intel Core Duo T2050 @ 1.60GHz;627
Intel Pentium T2060 @ 1.60GHz;627
Intel Core2 Duo SL9400 @ 1.86GHz;625
Celeron Dual-Core T3300 @ 2.00GHz;624
Intel Core2 Duo T5800 @ 2.00GHz;624
AMD Athlon 64 FX-55;622
Intel Core2 Duo U9600 @ 1.60GHz;622
Intel Core2 Duo E4300 @ 1.80GHz;620
Intel T1500 @ 1.86GHz;620
Intel Celeron N2840 @ 2.16GHz;618
Intel Atom Z3740 @ 1.33GHz;616
AMD Sempron LE-1300;615
AMD Turion 64 Mobile ML-42;615
Intel Celeron G465 @ 1.90GHz;615
AMD Athlon II Dual-Core M300;612
Intel Pentium T3400 @ 2.16GHz;611
Intel Celeron J1750 @ 2.41GHz;610
Intel Celeron E1400 @ 2.00GHz;608
Intel Pentium 967 @ 1.30GHz;608
Intel Core2 Duo T7100 @ 1.80GHz;607
AMD Athlon 64 3700+;606
AMD Opteron 148;604
AMD Opteron 150;604
AMD Athlon II X2 260u;602
Celeron Dual-Core T3000 @ 1.80GHz;602
Intel Celeron 867 @ 1.30GHz;600
Intel Celeron T1600 @ 1.66GHz;598
Intel Core2 Duo T5900 @ 2.20GHz;598
Intel Core2 Duo T5600 @ 1.83GHz;597
Intel Atom Z3740D @ 1.33GHz;596
Intel Celeron J1800 @ 2.41GHz;596
Intel Celeron U3600 @ 1.20GHz;594
Intel Core2 Duo L9300 @ 1.60GHz;594
Intel Core2 Duo T5550 @ 1.83GHz;594
Intel Celeron 1019Y @ 1.00GHz;593
Intel Core2 Duo T5750 @ 2.00GHz;592
AMD Turion 64 Mobile ML-44;591
Intel Pentium T2410 @ 2.00GHz;588
Intel Pentium U5600 @ 1.33GHz;587
Intel Pentium T3200 @ 2.00GHz;586
AMD Turion II Neo N40L Dual-Core;585
Intel Core2 Duo L7700 @ 1.80GHz;584
Intel Celeron 550 @ 2.00GHz;581
Intel Celeron @ 1.30GHz;581
Intel Pentium E2160 @ 1.80GHz;578
AMD Athlon 64 3400+;577
Intel Atom Z2760 @ 1.80GHz;576
Intel Atom N570 @ 1.66GHz;573
Intel Core2 Duo T5300 @ 1.73GHz;573
Intel Atom 330 @ 1.60GHz;571
Intel Atom Z3745D @ 1.33GHz;571
Intel Pentium T2390 @ 1.86GHz;569
AMD Athlon II X2 250u;568
Intel Celeron 440 @ 2.00GHz;567
AMD Athlon 64 3500+;563
Intel Xeon 3.20GHz;563
Intel Celeron 560 @ 2.13GHz;561
AMD Turion II Neo K625 Dual-Core;560
AMD Sempron 3600+;559
Intel Core2 Duo T5500 @ 1.66GHz;556
AMD Sempron 3800+;554
Intel Core2 Duo L7500 @ 1.60GHz;554
AMD Sempron LE-1200;551
AMD C-60 APU;550
AMD E2-1800 APU;550
Mobile AMD Athlon 64 3700+;548
Intel Core2 Duo T5450 @ 1.66GHz;547
AMD Sempron LE-1250;544
Intel Atom Z3735E @ 1.33GHz;543
Intel Atom Z3736F @ 1.33GHz;543
Intel Atom N550 @ 1.50GHz;540
Intel Celeron 540 @ 1.86GHz;535
AMD E-350;534
AMD E-450 APU;534
AMD C-70 APU;532
AMD Opteron 146;532
Intel Atom N2600 @ 1.60GHz;531
Intel Core2 Duo E6300 @ 1.86GHz;531
Intel Celeron N2830 @ 2.16GHz;530
Intel Celeron 570 @ 2.26GHz;529
AMD E1-1500 APU;528
Intel Atom Z3735G @ 1.33GHz;527
Intel Atom Z3735D @ 1.33GHz;526
AMD Z-01;524
AMD Athlon II Neo K345 Dual-Core;523
AMD Turion 64 Mobile ML-40;522
Intel Atom Z3735F @ 1.33GHz;522
Intel Core2 Duo T5470 @ 1.60GHz;522
AMD Athlon TF-36;521
AMD Turion 64 Mobile MK-38;520
Intel Celeron M 530 @ 1.73GHz;520
Intel Pentium T2370 @ 1.73GHz;518
AMD Sempron 130;517
Intel Pentium E2140 @ 1.60GHz;516
Intel Core Duo U2400 @ 1.06GHz;514
AMD Athlon 2850e;512
Mobile AMD Athlon 64 3400+;512
Intel Celeron N2820 @ 2.13GHz;511
AMD Athlon 64 3200+;510
Intel Celeron N2815 @ 1.86GHz;510
Intel Celeron E1200 @ 1.60GHz;509
Intel Core2 Duo SU9400 @ 1.40GHz;503
Intel Pentium D 830 @ 3.00GHz;503
Intel Pentium D 915 @ 2.80GHz;502
Mobile AMD Athlon 64 3200+;501
Intel Atom E3827 @ 1.74GHz;500
Intel Core2 Duo T5250 @ 1.50GHz;500
Intel Xeon 3.00GHz;500
Intel Xeon 3.80GHz;500
Intel Celeron N2807 @ 1.58GHz;498
AMD C-60;497
Intel Core2 Duo L7400 @ 1.50GHz;497
AMD Athlon 64 4000+;494
AMD Sempron 150;494
Intel Core2 Duo T5200 @ 1.60GHz;493
Intel T1400 @ 1.73GHz;492
Intel Pentium T2310 @ 1.46GHz;490
AMD Turion 64 Mobile ML-37;489
AMD Opteron 144;486
AMD Sempron LE-1100;486
Intel Core Duo U2500 @ 1.20GHz;486
Mobile AMD Sempron 3800+;486
AMD Turion 64 Mobile MT-37;485
Intel Pentium T2330 @ 1.60GHz;485
AMD Athlon 64 3100+;484
AMD Sempron 3300+;484
AMD Turion 64 Mobile MK-36;483
Intel Celeron D 420 @ 1.60GHz;482
Mobile AMD Athlon 64 4000+;481
AMD Athlon 64 3300+;477
Intel Celeron N2808 @ 1.58GHz;475
Intel Atom Z3770D @ 1.49GHz;474
AMD Athlon 64 3000+;473
Intel Celeron N2806 @ 1.60GHz;473
Intel Celeron U3400 @ 1.07GHz;473
Intel Core Solo T1400 @ 1.83GHz;471
AMD C-50;467
Intel Celeron 430 @ 1.80GHz;467
AMD E1-1200 APU;466
Mobile AMD Sempron 3400+;465
Intel Celeron M 450 @ 2.00GHz;464
Intel Core2 Duo T5670 @ 1.80GHz;463
Intel Pentium SU4100 @ 1.30GHz;463
AMD Sempron SI-42;461
AMD E-300 APU;460
Intel Core2 Duo L7100 @ 1.20GHz;460
Intel Core2 Duo U7300 @ 1.30GHz;460
Intel Core2 Duo U9300 @ 1.20GHz;460
AMD Sempron 3100+;458
Intel Core2 Duo L7300 @ 1.40GHz;458
Mobile AMD Sempron 3500+;458
Intel Pentium 4 3.46GHz;455
Intel Celeron 807 @ 1.50GHz;452
Intel Core2 Duo T5270 @ 1.40GHz;452
Mobile AMD Sempron 3300+;452
Intel Celeron 420 @ 1.60GHz;451
Intel Celeron G440 @ 1.60GHz;451
AMD Sempron 3400+;450
Intel Pentium M 2.10GHz;449
AMD Athlon 2800+;448
Intel Pentium D 805 @ 2.66GHz;447
AMD G-T40E;446
Intel Celeron D 360 @ 3.46GHz;446
AMD Z-60 APU;445
AMD Sempron SI-40;444
AMD Sempron 3200+;443
Intel Celeron 530 @ 1.73GHz;442
Intel Atom D2500 @ 1.86GHz;441
Intel Celeron N2810 @ 2.00GHz;441
AMD Athlon Neo MV-40;440
AMD Turion 64 Mobile MT-32;440
Intel Pentium U5400 @ 1.20GHz;439
AMD Turion 64 Mobile ML-32;438
AMD Sempron 145;437
Intel Pentium M 1.86GHz;437
Mobile AMD Sempron 3600+;437
AMD Athlon XP 3100+;434
Intel 2.80GHz;434
AMD Athlon XP 3200+;433
AMD Sempron 140;433
Intel Pentium 4 3.80GHz;433
Intel Pentium M 1.80GHz;432
AMD Turion 64 Mobile MT-34;429
AMD Turion 64 Mobile ML-30;426
Mobile AMD Sempron 3100+;426
AMD Turion 64 Mobile ML-34;425
AMD Athlon XP 2900+;424
Intel Celeron SU2300 @ 1.20GHz;424
Intel Core i7-2630UM @ 1.60GHz;424
AMD Athlon 2650e;422
Intel Xeon 3.60GHz;421
Intel Celeron 847 @ 1.10GHz;420
Intel Celeron 925 @ 2.30GHz;418
Intel Pentium M 2.00GHz;416
Intel Pentium M 2.13GHz;416
AMD Athlon II Neo N36L Dual-Core;414
Mobile AMD Sempron 3000+;414
AMD Athlon II Neo K325 Dual-Core;413
AMD Athlon TF-20;412
AMD Sempron 3000+;412
AMD Sempron 210U;411
AMD Sempron LE-1150;407
AMD Athlon XP 3000+;403
Intel Pentium 4 3.73GHz;402
AMD Athlon XP 2800+;401
AMD GX-210JA SOC;401
AMD Geode NX 2400+;400
Intel Pentium M 1.73GHz;396
Intel Xeon 3.40GHz;396
AMD Athlon XP 2700+;394
Mobile AMD Sempron 2600+;394
Intel Celeron 827E @ 1.40GHz;393
AMD Turion 64 Mobile ML-28;391
Intel Core Solo T1300 @ 1.66GHz;390
AMD Sempron 2600+;389
Intel Atom E3826 @ 1.46GHz;389
Intel Celeron M 1.70GHz;388
Intel Celeron M 440 @ 1.86GHz;385
Intel Atom N470 @ 1.83GHz;383
Intel Core2 Duo U7600 @ 1.20GHz;382
Intel Atom D425 @ 1.80GHz;380
AMD Turion 64 Mobile MT-30;379
Intel Core2 Duo U7500 @ 1.06GHz;378
AMD Athlon 64 2800+;376
AMD Athlon 64 2600+;374
AMD Athlon XP2400+;374
Intel Atom E3825 @ 1.33GHz;374
Intel Celeron 900 @ 2.20GHz;374
AMD Athlon XP 2600+;373
Mobile AMD Athlon XP-M 2600+;371
Mobile AMD Athlon 2500+;370
AMD V140;369
Intel Pentium M 1.50GHz;369
Intel Pentium M 1.70GHz;368
Mobile AMD Athlon XP-M 3000+;366
Intel Pentium M 2.26GHz;365
Intel Pentium M 1700MHz;365
Mobile AMD Athlon XP-M 2200+;365
Mobile AMD Athlon XP-M 2800+;365
Mobile AMD Sempron 2800+;364
Mobile Intel Pentium 4 3.33GHz;364
AMD Athlon XP 2400+;361
Intel Core Solo T1350 @ 1.86GHz;361
Intel Core2 Solo U2100 @ 1.06GHz;359
Mobile AMD Athlon 4 2400+;359
AMD Athlon II 170u;358
AMD Sempron 2800+;358
AMD Sempron 3500+;357
Intel Core2 Duo U7700 @ 1.33GHz;357
Mobile Intel Pentium 4 3.20GHz;357
AMD Athlon XP 2500+;356
Mobile AMD Sempron 3200+;355
VIA Nano X2 U4025 @ 1.2 GHz;355
Intel Pentium M 1.60GHz;353
AMD V160;347
Mobile AMD Athlon XP-M 2500+;347
Intel Pentium M 1.40GHz;346
Mobile AMD Athlon XP-M 2400+;346
Intel Celeron M 1.60GHz;344
Intel Celeron M 430 @ 1.73GHz;342
Intel Celeron M 360 1.40GHz;340
Mobile Intel Pentium 4 3.06GHz;338
AMD Athlon II 160u;337
Intel Pentium 4 3.60GHz;335
AMD Sempron M120;334
Intel Celeron D 352 @ 3.20GHz;333
Intel Celeron M 1500MHz;333
Intel Celeron M 1.50GHz;332
Intel Core Solo U1500 @ 1.33GHz;331
Intel Xeon 2.80GHz;331
AMD Athlon XP 2200+;329
AMD E-240;327
VIA Eden X2 U4200 @ 1.0+ GHz;326
AMD V120;325
Intel Atom 230 @ 1.60GHz;324
AMD Athlon XP 2100+;323
Intel Celeron 215 @ 1.33GHz;323
Intel Celeron 220 @ 1.20GHz;321
Intel Pentium M 1400MHz;320
AMD Sempron 2300+;318
AMD Sempron M100;318
Intel Celeron M 1.30GHz;316
AMD Sempron 2400+;315
Mobile Intel Pentium 4 2.80GHz;315
AMD Athlon XP 1900+;313
AMD C-30;310
Intel Atom N2100 @ 1.60GHz;310
AMD G-T52R;309
Intel Pentium 4 3.40GHz;308
Intel Atom N475 @ 1.83GHz;307
Intel Pentium M 1.20GHz;307
Intel Celeron M 1300MHz;304
Intel Pentium M 1300MHz;304
AMD Athlon L110;303
Intel Atom N450 @ 1.66GHz;303
Intel Pentium M 1.30GHz;302
Mobile AMD Athlon XP-M 2000+;301
AMD Athlon XP 1800+;300
AMD Athlon XP 2000+;300
Intel Pentium III 1400S @ 1400MHz;299
AMD Athlon II Neo K125;298
Intel Pentium III 1400 @ 1400MHz;297
Mobile AMD Athlon XP-M 1800+;297
Intel Pentium M 1600MHz;296
AMD Athlon II Neo K145;295
Intel Celeron D 356 @ 3.33GHz;295
Mobile AMD Athlon MP-M 2400+;295
AMD Athlon 1500+;294
Intel Celeron N2805 @ 1.46GHz;293
Intel Pentium 4 2.60GHz;291
Intel Pentium 4 3.06GHz;289
Intel Pentium M 1500MHz;289
Intel Pentium 4 3.20GHz;288
AMD Sempron 2200+;283
Intel Pentium M 1.10GHz;283
AMD Athlon XP1600+;281
Intel Atom Z530 @ 1.60GHz;281
Intel Pentium 4 3.00GHz;281
Mobile Intel Celeron 1333MHz;281
Intel Celeron 3.20GHz;280
Mobile Intel Pentium 4 2.66GHz;280
Intel Atom D410 @ 1.66GHz;278
Intel Atom N280 @ 1.66GHz;278
Intel Atom N455 @ 1.66GHz;277
Intel Celeron 3.33GHz;276
Intel Xeon 2.40GHz;276
Intel Celeron D 347 @ 3.06GHz;273
AMD Athlon XP 1700+;271
Intel Atom N270 @ 1.60GHz;269
AMD Athlon XP 1600+;268
AMD Sempron 2500+;265
Mobile AMD Athlon MP-M 1800+;265
Intel Core Solo U1400 @ 1.20GHz;263
Intel Core Solo U1300 @ 1.06GHz;262
Intel Atom N435 @ 1.33GHz;261
Mobile AMD Athlon XP-M 1600+;260
Intel Celeron M 420 @ 1.60GHz;258
AMD Athlon XP 1500+;257
Intel Core2 Solo U3500 @ 1.40GHz;256
Intel Celeron M 520 @ 1.60GHz;255
Intel Pentium 4 2.80GHz;255
Intel Celeron M 443 @ 1.20GHz;254
Intel Celeron M 723 @ 1.20GHz;254
Intel XEON 2.20GHz;253
Intel Celeron 2.50GHz;252
Intel Pentium III Mobile 1133MHz;252
Mobile AMD Sempron 2100+;252
VIA Nano L2100@1800MHz;251
Intel Pentium 4 2.53GHz;250
Intel Pentium 4 2.50GHz;246
Intel Pentium III Mobile 1066MHz;246
Intel Celeron 2.53GHz;245
Intel Celeron 2.70GHz;245
Intel Celeron 3.06GHz;245
AMD G-T44R;244
Intel Atom Z670 @ 1.50GHz;244
Intel Celeron 1200MHz;244
VIA Nano U2250 (1.6GHz Capable);244
Intel Celeron 2.93GHz;243
Intel Pentium 4 2.20GHz;242
Intel Pentium 4 2.66GHz;242
Intel Atom Z520 @ 1.33GHz;240
Intel Pentium III Mobile 1200MHz;240
Intel Pentium M 1000MHz;239
AMD Athlon 64 2000+;238
Intel Pentium M 1200MHz;238
Intel Celeron 743 @ 1.30GHz;236
Mobile Intel Celeron 2.40GHz;236
Intel Xeon 2.00GHz;234
Intel Pentium 4 2.26GHz;232
Intel Pentium 4 2.93GHz;231
VIA C7-D 1800MHz;231
Intel Pentium SU2700 @ 1.30GHz;230
Intel Celeron M 1.00GHz;229
Intel Celeron M 410 @ 1.46GHz;229
VIA Nano L2007@1600MHz;229
Intel Celeron 2.30GHz;227
Mobile Intel Celeron 2.20GHz;226
Mobile Intel Pentium III - M 1200MHz;224
VIA C7-M 6300MHz;223
Intel Celeron 807UE @ 1.00GHz;222
Intel Celeron 2.60GHz;220
Mobile Intel Pentium 4 - M 2.20GHz;220
Intel Celeron 2.40GHz;219
Intel Pentium M 900MHz;217
Intel Celeron 1000MHz;214
Mobile Intel Pentium 4 - M 2.40GHz;214
Intel Celeron 2.20GHz;213
Mobile Intel Pentium 4 - M 2.00GHz;212
Intel Pentium 4 Mobile 1.90GHz;210
VIA Esther 1500MHz;208
Intel Celeron 723 @ 1.20GHz;206
VIA Eden C1050@1.06GHz;206
Intel Pentium 4 2.00GHz;205
Mobile Intel Celeron 2.00GHz;204
AMD G-T40R;203
Intel Pentium 4 Mobile 2.00GHz;203
Intel Pentium 4 2.40GHz;202
Intel Celeron 2.80GHz;201
Mobile Intel Pentium III - M 933MHz;200
Intel Celeron 2.00GHz;192
Intel Celeron 2.26GHz;192
Intel Celeron M 900MHz;189
Mobile Intel Celeron 1.80GHz;186
Mobile Intel Pentium 4 - M 1.70GHz;186
Mobile Intel Pentium 4 - M 1.80GHz;184
Intel Celeron 2.66GHz;183
Intel Pentium III Mobile 800MHz;183
AMD V105;182
Mobile Intel Celeron 1.70GHz;181
Intel Pentium 4 Mobile 1.60GHz;179
VIA Nano U2500@1200MHz;179
VIA C7-M 1600MHz;178
Intel Pentium 4 1.80GHz;176
Intel Pentium 4 Mobile 1.80GHz;176
Intel Celeron 2.13GHz;175
Intel Pentium 4 1800MHz;175
Intel Celeron 1100MHz;174
VIA C7-M 1200MHz;173
Intel Pentium 4 3.83GHz;162
VIA Nano U2250@1300+MHz;161
Intel Pentium 4 1.90GHz;160
VIA Nano U3500@1000MHz;160
Intel Celeron 1.70GHz;155
VIA Nehemiah;155
Intel Pentium 4 1700MHz;154
Intel Pentium III Mobile 866MHz;152
Intel Celeron 1.80GHz;148
VIA Nano L2207@1600MHz;148
VIA Esther 1000MHz;147
VIA Eden 1200MHz;142
Intel Pentium 4 1.70GHz;133
Intel Pentium 4 1.50GHz;132
Intel Pentium 4 1.60GHz;130
Intel Pentium 4 1400MHz;128
Intel Pentium 4 1500MHz;125
VIA Eden 1000MHz;124
Intel Pentium 4 1300MHz;119
Intel Celeron B710 @ 1.60GHz;112
Intel Atom E3815 @ 1.46GHz;102