gpu name;gpu passmark score
GeForce RTX 2080 Ti;21570
GeForce RTX 2080;19317
GeForce RTX 2080 SUPER;19293
Quadro RTX 8000;18466
TITAN RTX;18342
GeForce RTX 2070 SUPER;18300
TITAN V;18047
Radeon VII;17532
GeForce GTX 1080 Ti;17434
Quadro RTX 5000;17430
GeForce RTX 2080 (Mobile);17032
TITAN V CEO Edition;16987
Quadro RTX 4000;16831
Radeon RX 5700 XT;16641
GeForce RTX 2070;16632
GeForce RTX 2060 SUPER;16345
Radeon RX 5700 XT 50th Anniversary;16009
Quadro P6000;15556
Radeon RX Vega 64;15161
GeForce RTX 2060;15156
TITAN Xp COLLECTORS EDITION;14976
Quadro RTX 6000;14837
GeForce GTX 1080;14716
Quadro RTX 5000 with Max-Q Design;14699
Radeon Pro W5700;14615
GeForce RTX 2080 with Max-Q Design;14482
NVIDIA TITAN Xp;14272
Radeon RX 5700;14224
GeForce GTX 980 Ti;13982
GeForce GTX 1070 Ti;13972
Radeon RX Vega 56;13712
NVIDIA TITAN X;13659
Quadro RTX 5000 (Mobile);13560
GeForce GTX 1070;13557
Radeon PRO WX 8200;13276
GeForce GTX 1660 SUPER;12798
GeForce GTX 1660 Ti;12791
Quadro GV100;12721
Quadro GP100;12662
Radeon RX 5600 XT;12302
Quadro RTX 3000;12286
Quadro P4200 with Max-Q Design;12274
Quadro P4000;12101
Radeon Pro Vega II;11918
Radeon Pro Vega 56;11915
Radeon Pro Vega 48;11872
GeForce RTX 2070 (Mobile);11856
GeForce RTX 2060 (Mobile);11844
GeForce GTX TITAN X;11459
Radeon Pro Vega 64;11455
GeForce GTX 1660;11358
Quadro RTX 4000 with Max-Q Design;11185
Radeon Vega Frontier Edition;11137
GeForce RTX 2070 with Max-Q Design;11018
Quadro P4200;10941
Radeon Pro WX 9100;10895
GeForce GTX 1660 Ti (Mobile);10723
Quadro P5000;10629
Radeon Pro SSG;10497
GeForce GTX 1070 (Mobile);10489
GeForce GTX 1070 with Max-Q Design;10472
Radeon Instinct MI25 MxGPU;10466
Quadro M6000;10263
GeForce GTX 1060;10210
GeForce GTX 1650 SUPER;10184
GeForce GTX 1080 with Max-Q Design;10174
GeForce GTX 980;10165
Quadro M6000 24GB;10058
Radeon R9 Fury + Fury X;10023
Radeon R9 Fury;9934
Quadro P2200;9796
Quadro P5200 with Max-Q Design;9796
Radeon R9 390X;9734
GeForce GTX 780 Ti;9730
GeForce GTX 970;9556
GeForce GTX 1060 3GB;9538
GeForce GTX Titan;9446
Radeon Pro Duo;9436
Radeon RX 590;9416
Quadro RTX 3000 with Max-Q Design;9402
Radeon RX 5500 XT;9257
Quadro P5200;9185
Radeon Pro W5500;9171
Quadro P4000 with Max-Q Design;9082
Quadro P3200 with Max-Q Design;8877
Radeon R9 290X / 390X;8862
GeForce GTX 1060 with Max-Q Design;8779
GeForce GTX 1660 Ti with Max-Q Design;8738
Radeon RX 580;8678
GeForce GTX TITAN Black;8653
Radeon RX 480;8597
Quadro M5000;8573
Radeon Pro WX 7100;8303
FirePro W9100 Adapter;8299
Radeon R9 390;8147
GeForce GTX 1060 (Mobile);8093
Quadro M5500;7915
GeForce GTX 1650;7868
Radeon RX 470;7868
Radeon RX 580X;7798
Radeon RX 580 2048SP;7794
Radeon R9 295X2;7789
GeForce GTX 980M;7779
Radeon Pro 580;7753
FirePro W9100;7750
Radeon R9 290 / 390;7721
GeForce GTX TITAN Z;7647
Tesla M6;7621
FirePro W8100 Graphic Adapter;7570
Radeon Pro 580X;7540
Quadro K6000;7489
GeForce GTX 780;7452
Tesla M60;7323
Tesla P100-PCIE-16GB;7225
Quadro T2000;7135
Radeon Pro 5500M;7017
Radeon RX 570;6967
Quadro P3200;6947
GeForce GTX 1650 (Mobile);6765
Quadro T1000;6755
Radeon RX Vega M GH;6752
GeForce GTX 970XM FORCE;6706
GeForce GTX 1050 Ti;6657
Quadro M4000;6577
Quadro P3000;6522
Quadro P2000;6514
GeForce GTX 1060 5GB;6406
Radeon Pro 570;6336
GeForce GTX 1650 with Max-Q Design;6318
Radeon Pro Vega 20;6318
FirePro S7150;6276
Radeon R9 380;6246
Radeon RX 5500;6202
FirePro W8100;6164
Radeon R9 280X;6135
Quadro K5200;6091
Quadro M5000M;6090
Radeon Pro WX Vega M GL;6049
GeForce GTX 960;5979
GeForce GTX 1050 Ti (Mobile);5978
GRID P100-16Q;5944
Radeon R9 380X;5918
Radeon Pro 5300M;5881
GeForce GTX 690;5816
Radeon R9 M395X;5782
GeForce GTX 770;5699
GeForce GTX 680;5659
GeForce GTX 1050 Ti with Max-Q Design;5612
GeForce GTX 1050;5595
Radeon HD 7990;5565
FirePro W7100 Adapter;5553
Radeon R9 285 / 380;5549
GRID M60-8A;5523
GeForce GTX 670;5513
GeForce GTX 950;5482
Radeon R9 280;5450
GeForce GTX 760 Ti OEM;5427
FirePro W7100;5413
FirePro W9000;5305
Radeon Pro WX 5100;5304
GRID M60-2Q;5291
Radeon HD 7970 / R9 280X;5247
FirePro S10000;5235
Radeon HD 8990;5216
RadeonT RX 5500M;5200
GeForce GTX 970M;5175
Q12U-1;5164
Radeon R9 M295X;5150
GeForce GTX 760 Ti;5118
Radeon RX Vega M GL;5118
Radeon R9 M395;5104
FirePro S9000;5059
Quadro P2000 with Max-Q Design;5052
Quadro M4000M;5008
EIZO Quadro MED-XN51LP;4946
Barco MXRT 7600;4943
Radeon R9 270X;4909
Radeon Sky 500;4889
GeForce GTX 760;4844
Radeon R9 M485X;4842
Radeon HD 7950 / R9 280;4764
FirePro W8000 Adapter;4751
Radeon HD 7870;4731
GRID P40-24Q;4727
GeForce GTX 660 Ti;4723
Radeon R9 370;4722
Radeon Pro Vega 16;4682
FirePro W8000;4673
Quadro M3000M;4571
B8DKMDAP;4557
Radeon Pro 465;4537
FirePro W7000;4534
GeForce GTX 1050 (Mobile);4533
GeForce GTX 580;4509
Radeon HD 7870 XT;4469
GRID M60-1B;4456
Citrix Indirect Display Adapter;4446
GRID P6-4Q;4429
GRID K520;4384
Radeon R9 M390X;4356
Quadro M2200;4333
Barco MXRT 7500;4319
GRID P40-2Q;4287
Quadro M2000;4282
GeForce GTX 680MX;4270
GeForce GTX 780M;4259
Radeon R9 270 / R7 370;4259
GeForce GTX 775M;4222
GeForce GTX 590;4216
Radeon R9 270;4212
Quadro K4200;4210
FirePro S7000;4166
Radeon R7 370;4159
GRID V100D-8Q;4155
Quadro 7000;4107
FirePro W7000 Adapter;4105
GRID M60-1Q;4087
GeForce GTX 660;4063
Radeon R9 M290X;4060
Radeon HD 7970M;4035
Quadro P1000;4030
Radeon HD 7800-serie;4029
GRID P6-2Q;4000
Radeon RX 460;3974
Radeon Pro WX4100;3953
GeForce GTX 750 Ti;3921
Quadro K5000;3910
GeForce GTX 1050 with Max-Q Design;3909
GeForce GTX 570;3896
GRID M60-8Q;3883
Radeon HD 8970M;3876
GeForce GTX 480;3863
Radeon HD 7850;3861
GRID P100-8Q;3841
Radeon RX 560;3837
Radeon Pro WX 4100;3817
P106-100;3801
GRID K2;3772
GeForce GTX 880M;3746
GeForce GTX 965M;3683
Radeon Pro 560X;3677
Quadro K2200;3654
Quadro M2000M;3632
Quadro P620;3602
GeForce GTX 680M KY_Bullet Edition;3568
GRID M6-8Q;3568
Radeon R9 M470X;3563
Quadro 6000;3531
Radeon RX 560X;3520
Tesla C2050;3515
FirePro M6100 FireGL V;3487
Radeon Pro 560;3475
GeForce GTX 960M;3467
FirePro W7170M;3461
Radeon Pro 460;3452
Tesla C2050 / C2070;3428
Radeon E8870PCIe;3368
Radeon HD8970M;3368
Tesla C2075;3364
GRID P40-2B;3354
GRID M10-1Q;3351
GeForce GTX 680M;3349
GeForce GTX 750;3332
Radeon Pro WX 3100;3295
Tesla C2070;3274
GeForce MX350;3262
Quadro M1200;3253
Tesla M10;3248
GeForce 770M;3245
Radeon HD 7790;3243
GRID M10-4Q;3223
GeForce GTX 470;3219
Radeon RX 5500M;3190
GRID M60-4Q;3188
GeForce GTX 560 Ti;3174
FirePro V7000 Adapter;3161
GeForce GTX 650 Ti BOOST;3153
Radeon Pro WX 4150;3151
Radeon Pro 555;3140
Quadro K5100M;3137
Radeon R7 260X;3125
Radeon Pro 455;3112
FirePro W5000;3090
GeForce GTX 870M;3080
Radeon R9 M380;3050
GeForce GTX 560;3040
Radeon R9 360;3031
Radeon R9 260;3018
Radeon HD 8950;2990
Radeon Pro WX 4130;2984
Radeon R7 360;2966
FirePro M6100;2947
GeForce GTX 465;2945
GRID K260Q;2940
Quadro M1000M;2939
GeForce GTX 860M;2938
Radeon HD 6990;2932
Radeon HD 6970;2921
FirePro W4300;2909
Radeon R7 260;2891
Quadro P600;2883
Quadro 5000;2857
Radeon Pro V340 MxGPU;2853
Quadro K2200M;2812
FirePro 3D V9800;2811
Radeon HD 6950;2771
Quadro K4000;2761
FirePro V7900;2749
FirePro V9800 Adapter;2726
Radeon Pro 450;2722
Barco MXRT 5500;2701
GeForce GTX 770M;2669
Quadro M620;2666
GeForce GTX 950M;2660
GeForce MX250;2660
FirePro R5000;2646
MONSTER GeForce GTX 675M;2637
GeForce GT 1030;2607
Quadro K1200;2607
GRID M10-8Q;2606
Radeon HD 5970;2603
Quadro K5000M;2572
FirePro W5100;2570
GeForce GTX 650 Ti;2569
Radeon HD 6850 X2;2534
FireStream 9370;2528
N18E-Q1;2525
Quadro K4100M;2498
GeForce GTX 460 v2;2496
GeForce GTX 675MX;2476
Radeon RX 550;2460
GeForce GTX 460;2439
FirePro 3D V8800;2437
Radeon R9 M470;2435
GRID M10-2B;2416
GeForce GTX 850M;2411
GeForce GTX 960A;2410
Radeon RX Vega 11 PRD;2401
GeForce GTX 485M;2400
GeForce MX150;2387
Quadro K620;2371
GRID K280Q;2362
GRID M10-1B;2309
Radeon RX 540;2288
GeForce GTX 745;2285
GeForce GTX 580M;2279
Radeon HD 6970M;2270
Radeon R7 250X;2268
Radeon HD 6870;2253
GeForce GT 645;2250
Radeon HD 5870;2229
GRID P100-1B;2223
Radeon HD 5850;2204
GeForce GTX 560 SE;2201
Radeon HD 7770;2195
Radeon R7 450;2193
RadeonT R7 450;2184
Firepro W5170M;2175
GeForce GTX 555;2162
Radeon RX Vega 11;2162
Radeon TM R9 A360;2148
Radeon Pro WX 7130;2146
GeForce GTX 675M;2143
GRID K240Q;2143
GeForce GTX 460 SE;2134
Radeon R9 M375X;2131
FirePro M5100;2102
Radeon R9 350;2100
FirePro V7800;2091
Quadro K4000M;2089
Iris Pro 580;2080
Quadro P520;2074
GRID M6-1Q;2069
Iris Pro P580;2064
Quadro 5000M;2059
Radeon R7 M465X;2057
Iris Plus 645;2054
GeForce GTX 480M;2050
Radeon HD 6790;2048
GeForce GTX 570M;2024
Radeon R9 M360;2007
Quadro K3100M;1997
Embedded Radeon E9173;1996
Radeon R7 + R7 350 Dual;1982
GeForce GTX 765M;1973
Radeon HD 6900M;1964
Radeon R7 + HD 7700 Dual;1962
GeForce GTX 645;1960
Radeon HD 7660D + HD 7700 Dual;1958
Matrox C680 PCIe x16;1956
GeForce MX230;1955
GeForce GTX 670M;1953
GeForce GTX 470M;1949
GeForce MX130;1940
Quadro M600M;1932
Radeon HD 5830;1926
Radeon RX 570X;1923
Radeon HD 7560D + 7700 Dual;1919
Radeon HD 6850;1899
Radeon HD 7700-serie;1899
Radeon HD 8670D + HD 7700 Dual;1892
Iris Plus;1888
GeForce GTX 950A;1884
FirePro 3D V7800;1867
Radeon Vega 9;1855
GeForce 945A;1852
FirePro M5100 FireGL V;1839
GRID M60-0B;1838
Radeon HD 8570D + HD 7700 Dual;1834
Quadro 5010M;1833
MxGPU;1826
FirePro M6000;1820
Radeon RX Vega11;1819
GeForce GT 755M;1818
Radeon R9 255;1814
Radeon Pro W5500M;1813
Matrox C900 PCIe x16;1812
RadeonT RX 560X;1809
Radeon HD 8870M / R9 M270X / M370X;1799
Iris 650;1794
Iris Plus 655;1790
Radeon R7 FX-9830P RADEON;1790
Radeon HD 8670D + 7700 Dual;1788
Radeon HD 7750;1778
Radeon Vega 11;1776
Radeon Pro WX3200;1766
Radeon RX Vega 8;1745
FirePro W600;1743
FirePro M6000 Mobility Pro;1734
HD P630;1726
Quadro P500;1723
GeForce GTX 550 Ti;1719
FirePro M4000 Mobility Pro;1714
Radeon RX 550X;1708
FirePro W4100 Adapter;1692
Radeon Pro WX 2100;1679
Quadro K2000D;1678
FirePro W5130M;1674
GeForce GTX 650;1656
Quadro P400;1652
Radeon HD HD7850M;1651
Radeon HD 8870M;1638
Quadro M520;1632
FirePro M4000;1628
Ryzen 7 2700U with Radeon Vega;1617
Radeon 550X;1613
GeForce 940MX;1603
Seria Radeon HD 7700;1603
Quadro 4000;1598
Quadro K3000M;1597
Iris Plus 650;1583
Radeon E8860;1577
Radeon Vega 10;1571
Radeon RX Vega 10;1569
Radeon Vega 10 Mobile;1569
GeForce GT 740;1563
GeForce 945M;1558
Radeon HD 7560D + HD 6670 Dual;1554
Radeon Vega 6;1553
Radeon HD 8470D + HD 7500 Dual;1545
Iris Pro Graphics 6200;1544
GeForce GTX 560M;1542
Radeon HD 5770;1542
FirePro V8700;1538
FirePro V5900;1534
Radeon R9 M275X / M375;1525
Radeon Vega 8;1509
Radeon HD 7870M;1507
Ryzen 5 2500U with Radeon Vega;1503
Radeon 540;1498
Radeon HD 4890;1494
Radeon HD 6670 + 7660D Dual;1492
Radeon HD 7660D + HD 6670 Dual;1484
Radeon R9 M365X;1481
Radeon HD 7730;1461
GeForce GTX 660M;1449
GeForce MX110;1449
Radeon R7 M380;1446
Radeon R9 M270X;1444
GeForce GTX 760M;1440
Radeon HD 8470D + HD 6670 Dual;1435
GeForce GTX 670MX;1433
Radeon 540X;1433
FirePro V5800;1432
Radeon HD 7560D + 7670 Dual;1426
Radeon R9 M370X;1425
Radeon R7 M370;1417
Quadro K2000;1410
Radeon Pro WX 4170;1409
Radeon Vega 8 Mobile;1406
FirePro W4100;1396
Quadro 4000M;1389
Radeon HD 7560D + HD 7670 Dual;1380
Iris Plus 640;1377
Radeon R7 PRO A12-8870;1375
Radeon HD 7850M;1372
UHD P630;1371
Radeon R5 A10-9630P 4C+6G;1366
Quadro K2100M;1365
FirePro M40003;1364
Radeon HD 8670D + 6670 Dual;1361
Radeon HD 7560D + HD 7700 Dual;1346
FireStream 9270;1341
Radeon R7 PRO A12-9800;1340
Radeon R7 430;1339
Radeon R7 PRO A10-8770;1319
Radeon HD 6750;1318
Radeon HD 8670D + HD 7600 Dual;1317
FirePro M5950;1314
FirePro V4900;1309
Radeon HD 4870 X2;1309
Radeon R7 PRO A8-8670E;1309
Radeon R7 M465;1306
Radeon HD 8790M;1305
Tesla M2070-Q;1305
Quadro 3000M;1304
TENSOR 1.0 Driver HD 630;1299
Iris 550;1296
Iris Pro P6300;1292
FirePro 3D V5800;1289
GeForce GT 545;1289
GeForce GTX 460M;1289
GeForce GTX 760A;1281
Radeon R7 A370;1281
Quadro 2000D;1279
Radeon R7 + R7 200 Dual;1279
GeForce GTX 285;1274
Radeon R7 M350;1274
FirePro 3D V8750;1271
Radeon R7 PRO A10-9700;1263
Firepro W4190M;1262
Radeon HD 8570D + HD 6670 Dual;1260
Radeon R7 250;1259
Radeon HD 7560D + HD 7600 Dual;1258
Mobility Radeon HD 5870;1254
Iris 540;1251
Radeon HD 5750;1251
Radeon R7 A12-9800 RADEON;1248
FirePro W4170M;1246
GeForce GTX 275;1245
Radeon HD 6770;1243
UHD 630;1241
Quadro 2000 D;1239
Radeon HD 8570D + 6570 Dual;1239
Radeon HD 7660D + 6670 Dual;1238
Radeon HD 7560D + HD 6570 Dual;1237
Radeon R7 + R5 340 Dual;1234
GeForce GT 750M;1232
Radeon R7 + R7 250 Dual;1232
GeForce 930A;1227
GeForce GPU;1227
Radeon HD 8670D + HD 6670 Dual;1221
Radeon R9 M375;1219
GeForce 930MX;1216
Radeon HD 8790M / R9 M290X;1210
FirePro 3D V8700;1206
N16P-GX;1204
Radeon HD 7660D + 7540D Dual;1204
GeForce GT 640;1201
Radeon HD 7750M;1191
Radeon R7 +8G;1190
FirePro 3D V4800;1168
Radeon R7 A10-9700 RADEON;1168
Radeon R9 M265X;1168
UHD;1165
FireStream 9250;1164
Radeon 535;1162
Barco MXRT 5400;1161
Radeon R7 PRO A12-8870E;1160
Coffee Lake UHD;1158
Radeon R9 M280X;1147
GeForce GT 745A;1144
Radeon R7 PRO A10-9700E;1142
Radeon HD 8850M / R9 M265X;1139
Radeon R7 PRO A10-8770E;1134
GeForce GTS 450;1132
Radeon HD 4850 X2;1132
GeForce GTX 295;1131
Radeon HD 7560D + 6670 Dual;1130
GeForce GT 650M;1128
Radeon HD 8650G + 7700M Dual;1126
Radeon HD 7670;1124
RadeonT R5 430;1123
Radeon R7 A10-7870K;1122
Radeon HD 7660D + 7500 Dual;1121
FirePro M4150;1118
Radeon R7 M260X;1115
Radeon R7 A10-8850;1114
Radeon R9 M275;1114
Radeon Vega 3 Mobile;1108
Quadro FX 5800;1107
Radeon R7 A12-9800E RADEON;1105
Quadro 2100M;1100
Radeon HD 7660D + 6570 Dual;1100
Radeon R7 A10-7890K;1100
Radeon R7 A10-9700E RADEON;1100
Radeon R7 M460;1096
GeForce 840M;1095
Iris Pro 5200;1094
GeForce GTX 850M - MODDED;1091
GeForce GT 640M;1083
MIRRORV3;1080
Radeon R5 PRO A6-8570 2C+6G;1079
Radeon HD 8450G + 8600/8700M Dual;1070
FirePro M4170;1065
Radeon HD 7660D + 7670 Dual;1061
Radeon HD 7520G + 7700M Dual;1060
Firepro M4100;1059
UHD Graphics 620;1057
GeForce GT 445M;1055
Radeon R5 340;1054
OPAL XT/GL;1053
Quadro M500M;1052
Quadro K2000M;1051
Radeon HD 7670A;1050
GeForce GTX 850A;1049
Radeon R7 PRO A8-9600;1049
GeForce 940M;1048
Radeon R7 340;1047
Radeon R7 + R7 240 Dual;1045
Radeon R7 Opteron X3421;1043
GeForce GTX 280;1040
Radeon R5 A6-9500 2C+6G;1040
Radeon R7 M445;1040
Radeon HD 8570D + 6670 Dual;1039
Quadro 2000M;1034
Radeon HD 4770;1033
Quadro 2000;1032
Radeon HD 8570D + HD 8570 Dual;1032
GeForce 940A;1031
HD P530;1029
Radeon HD 8600/8700M;1029
Radeon HD7570;1028
Radeon R7 + R5 330 Dual;1028
Radeon R7 A8-7500;1027
Radeon 535DX;1026
Radeon 530;1022
Radeon HD 8670D + R7 240 Dual;1020
Quadro K1100M;1018
GeForce GTX 260;1017
Radeon HD 6700M;1016
Radeon R5 430;1015
Radeon R5 A6-9500E 2C+4G;1014
Radeon R7 PRO A12-9800E;1014
GeForce 920MX;1013
HD 630;1013
Radeon HD 7690M XT;1009
Radeon HD 4850;1005
GeForce 830A;1004
Radeon HD 7690M;1003
Quadro FX 4800;1002
Radeon HD 7660G + HD 7500/7600 7500/7600 Dual;1002
Radeon HD 7730M;1000
Radeon HD 7660G + HD 7500M/7600M Dual;999
Radeon HD 8570D + R7 200 Dual;999
Radeon HD 7640G + HD 8750M Dual;996
Radeon HD 6800M;993
Radeon HD 8570;993
Barco MXRT 5450;992
Iris 6100;989
Radeon HD 7560D + 7570 Dual;985
Radeon HD 8690M;984
Radeon HD 7560D + 7560D Dual;982
Radeon R7 A12-9720P RADEON;981
Radeon HD 8670D + 8570 Dual;974
Radeon R7 A10-7860K;974
GeForce GT 745M;973
Radeon E6760;973
Radeon HD 8850M;973
Quadro K620M;972
Radeon R6 A10-9600P 4C+6G;970
GeForce 930M;968
Radeon HD 7660G N HD 7660G + HD 7700M N HD 7700M D;966
Radeon HD 6770M;964
Iris 5100;963
Radeon HD 8570D + R7 240 Dual;963
Radeon R7 A10 PRO-7850B;962
GeForce 830M;961
Radeon R7 A10-8750;959
Radeon HD 5600/5700;958
Radeon R6 Opteron X3418;955
Radeon R7 A265;954
Radeon R7 PRO A10-8750B;954
HD Graphics 620;949
Radeon HD 8570 + HD 7660D Dual;949
Radeon HD 8670D + R7 200 Dual;949
Radeon R7 A8-7680;948
Quadro CX;947
Radeon HD 6670/7670;945
Radeon HD 7640G + 7690M Dual;945
Radeon R7 PRO A10-8850B;945
Radeon HD 4830;944
Radeon HD 4870;943
Radeon HD 7660D + R7 240 Dual;941
NVS 810;939
Radeon 520;938
Radeon HD 6750M;937
Radeon HD 7560D + HD 8570 Dual;935
HD 530;934
Radeon HD 7660G + 7730M Dual;931
Radeon R7 240 + HD 8670D Dual;930
Radeon. HD 7730M;928
Iris Pro 6100;925
GeForce 920A;919
Radeon R7 240 + HD 8570D Dual;917
GeForce GT 645M;914
GeForce GT 730M;913
GRID M10-0Q;913
GeForce GT 635;912
GRID K220Q;912
Radeon R7 A8-8650;912
GRID M6-0B;911
Radeon 6750M;911
Radeon HD 8650G;910
Radeon Vega 3;904
Radeon HD 8550G + 7600M Dual;901
Radeon R7 M365X;901
Barco MXRT 2600;900
Barco MXRT 7400;900
GeForce GT 730;898
Radeon R7 + R5 Dual;897
Radeon R7 A10-7700K;896
GeForce 845M;895
GeForce 9800 GTX+;895
Radeon R5 PRO A6-9500 2C+6G;895
7900 MOD - Radeon HD 6550D;892
FirePro W2100;892
Radeon R7 A10-7800;889
GeForce 840A;888
UHD 620;888
Radeon R7 + R5 435 Dual A10-9700 RADEON;885
Radeon R9 M385X;885
Radeon HD 8650G + 7670M Dual;883
Radeon R7 PRO A12-8830B;882
Radeon HD 7660G + HD 7730M Dual;881
UHD 617;878
Radeon R5 PRO A6-9500E 2C+4G;877
Radeon R7 A8-7670K;876
FirePro V3900;874
LMIMIRR;874
Radeon HD 3870 X2;873
Radeon R7 G;869
Radeon HD 8570D + HD 6570 Dual;868
Mobility Radeon HD 4850;866
GeForce GT 640M LE;865
HD 520;864
Radeon HD 8470D + HD 6450 Dual;862
Radeon R7 A12-9730P RADEON;861
Radeon HD 8750M;857
Radeon R7 FX-8800P;857
Radeon HD 8550G + HD 7600M Dual;854
Radeon R7 A8-7500 4C+6G;853
Radeon HD 8500M/8700M;852
Radeon R7 M340;852
Radeon R7 FX-9800P RADEON;848
Radeon R5 PRO A8-9600B 4C+6G;845
Radeon R7 A8-9600 RADEON;844
Radeon R7 A8-7600;840
Radeon R8 M445DX;840
Radeon R5 PRO A6-8570E 2C+4G;839
FireGL V8600;838
Radeon HD 8470D + 6570 Dual;837
Radeon HD 8670D + R5 235 Dual;836
UHD 615;835
Radeon HD 6650A;835
GeForce 8800 GTS 512;833
Radeon HD 7560D + 6570 Dual;833
Radeon HD 7520G + HD 7500/7600 Dual;832
Radeon R7 PRO A8-8650B;832
Radeon HD 7660G + 7600M Dual;831
Radeon HD 8650G + 8600/8700M Dual;831
HD 5200;830
HD 6000;829
Radeon R7 PRO A12-9800B;829
GeForce GT 440;827
GRID M60-0Q;827
3DP Edition;826
Quadro K420;826
Radeon HD 7640G N HD 7640G + HD 7600M N HD 7600M D;824
Radeon HD 3850 X2;822
Radeon HD 8730M;822
Radeon R5 PRO A10-8730B 4C+6G;822
Radeon HD 7540D + 7500 Dual;821
Radeon HD 8550G + HD 8750M Dual;819
Radeon HD 8650G + HD 7600M Dual;819
GeForce GTS 240;817
Radeon R7 A10-7850K;816
Radeon R7 M265;813
GeForce 730A;812
Radeon HD 7670M;811
Radeon HD 8670D + 7000 Dual;811
GRID K1;810
Quadro FX 3800;810
Radeon R5 A10-9600P 4C+6G;805
Radeon HD 6670;804
Quadro FX 3800M;802
Radeon HD 8550G + 8600/8700M Dual;802
HD 615;799
Radeon HD 8650G + HD 8790M Dual;799
GeForce 9800 GX2;797
Radeon HD 7660G;797
Radeon R7 M440;797
Radeon HD 8650G N HD 8650G + HD 8600/8700M Dual;796
Radeon R5 A10-9620P 4C+6G;796
Radeon HD 8550G + 8750M Dual;795
Radeon HD 7570;792
Radeon HD 7650A;792
Radeon R7 A10 Extreme Edition;790
Radeon HD 8650G + 8750M Dual;786
GRID K180Q;782
Radeon R7 A365;781
Radeon R7 PRO A6-9500 2C+6G;781
Radeon HD 8670D;780
Radeon HD 8650G + HD 8750M Dual;778
GRID P40-4Q;777
Radeon HD 5670;777
Radeon HD 7660D;776
Radeon R5 A6-8500P;776
Radeon HD 7640G + 7500M/7600M Dual;775
GeForce GT 340;774
Mobility Radeon HD 5000;773
Radeon HD 7600M + 7600M Dual;773
Radeon HD 8650G N HD 8650G + HD 8570M Dual;773
Quadro K1000M;772
GeForce 8800 Ultra;769
GeForce 9800 GTX;769
Radeon HD 4810;769
Radeon HD 7660G + HD 7600M Dual;769
GeForce 825M;768
Radeon R7 M270;768
Quadro K600;765
NVS 510;764
Radeon R5 M255;764
Mobility Radeon HD 5850;763
Radeon HD 8650G + HD 8600/8700M Dual;763
Radeon HD 6450 + 8470D Dual;762
Radeon HD 7660G + HD 7500/7600 Dual;760
Radeon HD 7660G + HD 8500M Dual;758
Radeon HD 7660G + 7700M Dual;757
Radeon HD 8650G + HD 8600M N HD 8600M Dual;757
Radeon R5 420;757
Radeon R7 PRO A10-9700B;757
Radeon R7 A10 PRO-7800B;756
GeForce GT 740M;755
Quadro 1100M;755
Radeon HD 7640G + 7450M Dual;754
Radeon HD 8570D + HD 7000 Dual;753
Radeon HD 7660G + HD 7700M Dual;751
Radeon HD 6650M;750
Radeon R7 M260DX;750
IncrediblE HD 4600;749
Radeon M535DX;749
GeForce GT 140;747
Radeon HD 7640G + 7650M Dual;747
Radeon HD 7660G + HD 8600/8700M Dual;747
Radeon HD 8670D + R5 330 Dual;746
Radeon HD 7660G + 7610M Dual;745
Radeon HD 7660G + 7670M Dual;743
Radeon R5 235 + HD 7560D Dual;743
Radeon R7 A8 PRO-7600B;743
Radeon R7 PRO A12-8800B;743
GeForce GT 730A;742
Radeon R7 240;742
Radeon HD 8650G + 7600M Dual;741
Radeon R8 M365DX;740
GRID K160Q;739
Poison Ivy;738
Radeon HD 7670M + 7670M Dual;738
Radeon R5 235 + HD 8570D Dual;737
GeForce GTX 285M;734
Radeon R5 M435;734
GeForce GT 555M;732
UHD 610;731
GeForce 920M;730
Radeon HD 7550M/7650M;728
GRID K140Q;727
GeForce 720A;724
Mobility Radeon HD 5570;723
Radeon HD 7660G N HD 7660G + HD 7600M N HD 7600M D;722
Radeon HD 8650G + R5 M200 Dual;722
Asus GTX 650 FML II EC-EGPU;720
Radeon R7 A360;720
Mobility Radeon HD 4870;719
Radeon HD 7540D + 6570 Dual;719
Radeon HD 8670D + HD 7000 Dual;718
Radeon HD 3870;717
Radeon HD 8470D + 6450 Dual;717
Radeon HD 8650G + HD 8570M Dual;716
Radeon 6600M;711
Radeon HD 7660G + HD 8670M Dual;711
GeForce 9800 GTX/9800 GTX+;710
Radeon HD 6550A;707
GeForce 820A;706
Radeon HD 7660G + HD 7670M Dual;706
GeForce GT 430;705
GeForce GT 820M;705
Radeon HD 7640G + 7600M Dual;705
GeForce GT 740A;704
NVS 5400M;704
Radeon HD 7640G + HD 7600M Dual;704
Radeon HD 7660G N HD 7660G + HD 7670M Dual;704
HD 4600;699
Radeon HD 7570M/HD 7670M;699
TRINITY DEVASTATOR MOBILE;699
Radeon HD 7640G + HD 8570M Dual;696
Radeon R8 M535DX;695
Radeon R5 PRO A6-9500B 2C+4G;693
Radeon R7 A12-9700P RADEON;692
Radeon HD 7640G + 7700M Dual;690
Radeon R7E;690
Radeon R5 PRO A6-8530B 2C+4G;689
HD 515;688
Radeon HD 7640G + 8600/8700M Dual;688
Radeon HD 8650G + R5 M230 Dual;686
Radeon HD 8550D;685
GeForce GT 530;684
HD 5000;684
Radeon HD 6630M;684
HD P4600/P4700;682
GRID P40-3Q;681
Quadro FX 5600;681
Radeon R5 A6-9400 RADEON R5, 6 COMPUTE CORES 2C+4G;680
GeForce 8800 GTX;679
Radeon HD 7640G N HD 7640G + HD 7670M Dual;679
Radeon HD 8570D;679
Radeon HD 8650G N HD 8650G + HD 8600M N HD 8600M D;679
GeForce GTS 160M;678
GeForce GT 735M;677
Mobility Radeon HD 5730;677
Radeon HD 7640G + HD 8670M Dual;677
Quadro FX 4700 X2;676
Radeon HD 8610G + R5 M200 Dual;676
Radeon R5 A6-7480;675
GeForce GTS 250;669
GeForce GT 435M;667
Radeon HD 8550G + R5 M230 Dual;667
FirePro M7740;665
Radeon HD 7640G + HD 8500M N HD 8500M Dual;665
Quadro 500M;664
Radeon HD 8550G + 8690M Dual;664
HD 5600;663
Radeon HD 7560D;663
Radeon R7 M260;661
FireGL V7700;660
GeForce GT 720A;660
Radeon HD 2900 XT;659
Radeon HD 7640G + HD 7670M Dual;659
GeForce GT 240;656
Radeon HD 7640G + 8750M Dual;654
Radeon HD 8550G + HD 8600/8700M Dual;654
Radeon HD 8650G + 8570M Dual;654
Professional HD Driver;653
Radeon R7 A8-7650K;652
Quadro K510M;651
Radeon HD 7520G + HD 8750M Dual;651
SUMO 9640;650
Radeon R5 M430;648
FireStream 9170;647
Radeon HD 6670 + 6670 Dual;646
Radeon HD 8610G + HD 8500M Dual;645
GeForce GT 635M;644
Radeon HD 7640G + 7670M Dual;644
GeForce GT 710;643
Radeon HD 7540D + HD 6450 Dual;643
Quadro K610M;639
GeForce 810A;638
Radeon HD 7640G + 7400M Dual;637
Radeon HD 8450G + 8750M Dual;637
GeForce 9800 S;635
Matrox C420 LP PCIe x16;635
Radeon HD 8650G + 8670M Dual;635
Radeon HD 8650G + HD 7670M Dual;634
Quadro 1000M;633
Quadro FX 3700M;633
Radeon HD 7660D + HD 7000 Dual;633
Radeon HD 7610M;632
Radeon HD 7640G + HD 7700M N HD 7700M Dual;630
Radeon HD 7660G + 7470M Dual;630
Radeon HD 8510G + HD 8500M Dual;629
Quadro FX 3700;628
Radeon HD 2900 PRO;627
Radeon HD 7640G + 7500/7600 Dual;627
Radeon HD 8650G + 8500M Dual;626
Radeon HD 7520G + HD 8600/8700M Dual;623
GeForce GTX 280M;621
Radeon HD 7640G + HD 7400M Dual;621
FirePro M2000;620
GeForce GT 550M;620
Radeon HD 8570 + 8670D Dual;620
HD 610;619
Radeon HD 8550G + R5 M200 Dual;619
Radeon HD 8550G + 8600M Dual;617
GeForce GTS 360M;616
Radeon HD 7500G + 7500M/7600M Dual;616
FireGL V7600;615
Radeon HD 7640G;615
Radeon HD 8650G + 8600M Dual;613
Radeon HD 8550G N HD 8550G + HD 8600M N HD 8600M D;611
7900 MOD - Radeon HD 6520G;610
Radeon HD 8610G + 8500M Dual;610
NVS 5200M;609
Radeon R5 M315;609
Radeon HD 7640G + HD 8500M Dual;607
Radeon HD 8650G + HD 8600M Dual;606
GeForce 8800 GTS;605
GeForce GT 720;605
HD P4600;604
Radeon HD 8550G + 8500M Dual;602
Radeon HD 7520G + HD 7600M Dual;599
Radeon HD 8610G + 8670M Dual;599
Radeon R6 M255DX;597
GeForce GT 425M;596
Radeon HD 8510G + 8500M Dual;596
Radeon HD 7640G + 7470M Dual;595
Radeon R5 M330;595
Radeon HD 8550G + HD 8600M Dual;593
Radeon HD 7520G + 7600M Dual;591
Radeon HD 7640G + HD 7700M Dual;589
Radeon HD 7520G + 7610M Dual;588
Radeon HD 7660G + 7400M Dual;588
Radeon HD 8610G + 8600M Dual;588
GeForce GT 540M;587
Radeon HD 7660G + 8670M Dual;587
Radeon HD 7640G + HD 8600/8700M Dual;586
Radeon HD 7640G + 8500M Dual;585
Radeon HD 8650G + HD 8670M Dual;585
Radeon HD 8610G + HD 8600M Dual;583
HD 510;582
Radeon HD 7520G + 7500/7600 Dual;582
Radeon HD 8550G;581
GeForce GT 630;579
Radeon HD 8550G + 8670M Dual;579
Radeon HD 8450G + R5 M230 Dual;578
Radeon HD 7620G + 8670M Dual;577
Radeon HD 8610G + HD 8670M Dual;577
Skylake HD DT GT2;576
Quadro 600;576
Radeon R5 A240;576
GeForce 8800 GT;575
Radeon HD 6570;575
Radeon HD 7520G + HD 7700M Dual;574
Radeon HD 7520G N HD 7520G + HD 7500/7600 7500/760;574
Radeon HD 8450G + HD 8670M Dual;574
Radeon R7 M360;573
Radeon R6 + R7 M265DX Dual;570
GeForce GTS 250M;569
HD 5500;568
Radeon HD 7560D + 6450 Dual;568
Radeon HD 6610M;565
Mobility Radeon HD 3870 X2;564
Radeon HD 7650M;564
Radeon HD 7560D + R5 235 Dual;563
Radeon R6 A8-8600P;560
Radeon HD 7640G + R5 M200 Dual;559
Radeon HD 6550D;558
Radeon HD 7640G + 8570M Dual;558
Radeon HD 7640G + 8670M Dual;558
Radeon HD 8550G + HD 8500M Dual;558
Radeon HD 6620G;557
Radeon R5 330;557
GeForce GTS 350M;556
Radeon R5 M240;556
GeForce 800M;555
GeForce GT 330;555
Radeon HD 7600G + HD 7500M/7600M Dual;555
GF117;554
Radeon HD 8610G;552
Radeon R7 7850A10-7850K;551
FireGL V8650;550
GeForce 615;548
Radeon R5 M335;548
GeForce 9800M GS;547
Mobility Radeon HD 3870;547
FirePro 3D V5700;546
Radeon HD 8550G + HD 8670M Dual;546
Radeon R5 M420;546
FirePro 3D V7750;545
Radeon HD 8450G + 8600M Dual;545
Radeon HD 7520G + HD 7400M Dual;544
GeForce 8800 GS;543
Quadro FX 2700;543
Radeon HD 7600G + HD 8670M Dual;543
Radeon HD 7520G + 7470M Dual;542
GeForce 8800M GTX;540
GeForce 710A;538
KV SPECTRE LITE MOBILE 25W;538
Radeon HD 8500M;535
Radeon HD 7560D + HD 7000 Dual;534
Radeon HD 7570M;532
Radeon HD 8550G + 8570M Dual;532
Radeon HD 8570M;531
RADEON HD6530D;531
HD 4400;530
GeForce GT625M;529
Radeon HD 8550G + HD 8570M Dual;529
Quadro FX 2700M;528
Radeon HD 7600G N HD 7600G + HD ON HD Dual;526
Radeon HD 7640G + 6400M Dual;526
Radeon HD 8650D;525
GeForce 9800 GT;523
Radeon HD 7520G + 7670M Dual;523
Radeon HD 7660D + R5 235 Dual;523
Radeon R6;521
Radeon HD 8670M;520
Radeon R5 M320;520
GeForce 9800M GTX;517
IncrediblE HD 4000;517
GeForce 820M;516
HD P4000;516
GeForce 9600 GSO;514
GeForce GT 630M;514
A10-8700P;513
Radeon HD 6530D;513
Radeon HD 8690A;512
GeForce GT 525M;511
Mobility Radeon HD 4830;511
Radeon R6 PRO A10-8700B 4C+6G;511
Radeon HD 7640G + 7610M Dual;510
Radeon HD 7600G + HD 7550M Dual;509
Radeon HD 7620G + 8600M Dual;508
Radeon R5 PRO A6-8500B 2C+4G;508
Radeon HD 7620G + HD 8670M Dual;507
Quadro FX 4600;506
GeForce GTS 150M;504
Radeon HD 8450G + HD 8750M Dual;503
GeForce GT 335M;502
GeForce 910M;500
GeForce 9600 GSO 512;500
TRINITY SCRAPPER MOBILE;498
GeForce GTX 260M;497
Radeon HD 7500G + 7550M Dual;497
SUMO 964A;497
ASUS EAH4870x2;496
Mobility Radeon HD 5650;496
Radeon HD 7520G + HD 7670M Dual;495
GeForce 810M;490
Radeon HD8530M;490
Radeon R5 240;489
Radeon HD 8670D N HD 8670D + HD 8670D Dual;488
Radeon R4E;487
Radeon HD 6520G;486
Radeon HD 7520G + 7400M Dual;486
GeForce GT 420;481
GeForce GT 420M;481
Mobility Radeon HD 5000 Serisi;478
Quadro FX 1800M;478
GeForce 9700M GTS;477
GeForce 9800M GT;475
GeForce 8800M GTS;474
Radeon HD 7620G;474
Radeon HD 8450G + 8670M Dual;474
FirePro 3D V3800;472
FirePro V3800;472
GeForce GT 230;471
Radeon HD 3850;471
GeForce 9800M GTS;470
GeForce GT 320;470
Radeon HD 8570D + R5 235 Dual;470
Radeon HD 7600G + 8500M/8700M Dual;469
Quadro FX 3600M;466
GeForce GT 620M;465
Radeon HD 7660D + 7470 Dual;465
SUMO 9644;465
FirePro V5700;464
Radeon HD 7550M;464
Mobility Radeon HD 4670;463
GeForce 9600 GT;462
Radeon HD 7660G + HD 7600M N HD 7600M Dual;460
GeForce GT 130;456
GeForce 705M;455
Radeon HD 7520G;453
Radeon HD 7520G + 7650M Dual;453
HIS DIGITAL HD 4650 AGP;452
Radeon HD 8450G + HD 8600M Dual;452
Radeon HD 7620G N HD 7620G + HD 8600M N HD 8600M D;451
GeForce GT 720M;449
Radeon R5 M230;449
Radeon HD 4670;446
GeForce 9600 GS;445
PHDGD Ivy 5;445
Radeon HD 7660G + 8600M Dual;445
Radeon HD 3850 AGP;443
Radeon HD 8350G;443
Radeon HD 8510G;443
Radeon HD 7600G + HD Dual;442
Radeon HD 7620G + HD 8600M Dual;442
Radeon R6 A10-8700P;441
GeForce 710M;440
GeForce GT 625;438
Radeon R5 Opteron X3216;436
GeForce GT 625M;435
Radeon HD 8410G;435
Radeon HD 8370D;433
Radeon HD 8470D;430
Radeon HD 7420G;429
GeForce 800A;428
Quadro 410;425
Radeon HD 7600G + 7550M Dual;423
Radeon HD 7640G + HD 7500/7600 Dual;423
Radeon HD 7640G N HD 7640G + HD 8570M Dual;422
RADEON HD6410D;422
Quadro FX 1800;421
Radeon HD 5570;420
4th Generation Haswell HD;419
HD Family;419
Quadro FX 2800M;419
Radeon HD 8450G;416
Radeon HD 7500G;412
HD 505;411
Mobile HD;409
Radeon HD 7470M;407
Radeon HD 6480G;406
Radeon HD 7640G + HD 7600M N HD 7600M Dual;406
RADEON E4690;405
Radeon HD 7600G + 7500M/7600M Dual;405
Radeon HD 5550;402
HD 5300;401
Mobility Radeon HD 4650;401
GeForce GT 620;393
GeForce GT 705;390
IncrediblE HD;389
Radeon HD 7600G + 7450M Dual;389
Radeon HD 7480D;382
Radeon HD 7540D;382
Radeon HD 6490M;377
Radeon HD 7520G + 8750M Dual;376
Radeon HD 7600G + 6400M Dual;376
Radeon HD 8490;376
PHDGD Ivy 4;374
Radeon HD 8570D + HD8490 Dual;374
GeForce GT 610M / GT 620M / GT 710M / GT 720M / GT;368
Radeon R5 235;368
Radeon R5 235X;367
GeForce GT 520;365
Mobility Radeon HD 3850;365
Radeon HD4670;365
Radeon HD 7520G N HD 7520G + HD 7600M N HD 7600M D;364
Radeon HD 7660G + HD 8600M Dual;363
Radeon R6 PRO A8-8600B 4C+6G;363
Radeon HD 7470;361
GeForce GT 710M;359
Radeon R3;358
UHD 605;355
Radeon HD 7500G + HD 7500M/7600M Dual;355
Mobility Radeon HD 565v;353
Radeon HD 6480M;353
Radeon HD 7580D;350
GeForce GT 240M;349
Radeon R4;346
UHD 600;345
FireGL V5600;341
FirePro 3D V3750;341
Radeon HD 8470;341
Radeon HD 8310E;340
Radeon HD 7660D + HD 7400 Dual;339
Radeon HD 8400E;339
Radeon HD 8570D + HD 8470 Dual;338
Radeon R5E;338
NVS 315;337
FirePro RG220;335
GeForce GT 520M;334
Radeon HD 4650;333
Radeon HD 8330;332
GeForce GT 230M;331
Radeon R5 310;331
HD 4000;329
HD P3000;329
Radeon HD 7450M;329
Radeon HD 7600G + HD 7400M Dual;328
Radeon HD 8400;327
GeForce GT 120 / 9500 GT;324
GeForce 605;323
Radeon E6460;323
Radeon HD 7400G;322
RADEON HD6370D;320
GeForce 240M GT;319
Radeon HD 8280;319
GeForce GT 415M;318
Mobility Radeon HD 560v;318
GeForce 9700M GT;317
HD 500;317
Radeon HD 8280E;314
Radeon HD 7520G + 8600/8700M Dual;311
GeForce 510;310
Radeon HD 6370D;310
Radeon HD 7600G;310
Radeon HD 7450;307
GeForce 7900 GTX;306
Quadro FX 3500M;306
Radeon R2;302
Radeon R1E;301
Quadro FX 1700M;300
Radeon HD 6380G;300
GeForce GT 130M;297
GeForce GT 610;297
GeForce GT 220;296
Quadro FX 770M;296
NVS 310;295
GeForce 9600M GT / GeForce GT 220M;293
GRID K120Q;293
Radeon HD 2900 GT;292
GeForce GT 520MX;291
Radeon HD 7450A;288
GeForce 7950 Xtreme;287
GeForce GT 120;286
Mobility Radeon HD 5165;284
GeForce 8600 GTS;283
GeForce 610M;282
Radeon HD 2600 XT;282
VisionTek Radeon 4550;280
Radeon HD8490;279
Radeon HD 7350;278
Radeon HD 8240;278
GeForce 9500 GS;276
Radeon HD 6370M;275
Radeon HD 6470M;275
GeForce 320M;271
GeForce GT 415;271
Quadro FX 3500;271
GeForce 9650M GS;270
GeForce Go 7900 GTX;270
Radeon HD 8280G;269
Radeon HD 8330E;269
Radeon HD 5470;268
Mobility Radeon HD 550v;266
GeForce GT 120M;265
Radeon HD 8350;265
GeForce 7950 GT;264
GeForce Go 7950 GTX;263
Wine Display Adapter;261
Radeon HD 6410D;260
Radeon HD 6450A;260
GeForce 7900 GT;258
HD 3000;258
Radeon HD 8250;257
GeForce GT 220M;256
NVS 4200M;256
GeForce 9650M GT;254
Quadro NVS 510M;253
GeForce GT 330M;250
Radeon HD 8210;250
Qualcomm Adreno 630 GPU;249
Radeon HD 7640G + 8600M Dual;249
GeForce 315;247
GeForce 7900 GT/GTO;247
Radeon R3E;247
GeForce 7800 GT;244
Quadro FX 5500;242
Radeon R2E;242
Radeon R5 230;242
Radeon HD4650;239
Mobility Radeon HD 5470;236
Quadro FX 4500 X2;236
Radeon HD 4550;235
Mobility Radeon HD 3670;232
Radeon HD 5450;231
NVS 5100M;230
Quadro FX 880M;227
FirePro 2270;226
GeForce 410M;223
GT 430;223
GeForce 7800 GTX;221
Radeon HD 6230;221
Radeon HD 7340M;221
A6 Micro-6500T Quad-Core APU with RadeonR4;220
HD6450;220
GeForce 7900 GS;219
Mobility FireGL V5725;219
Quadro FX 2500M;217
Radeon HD 6320 Graphic;216
FirePro 2460;215
Mobility Radeon. HD 5470;215
Mobility Radeon HD 5450;214
HD 2000;213
Quadro FX 1600M;213
2nd Generation SandyBridge HD;212
Radeon HD 2600 PRO;211
WinFast GT 610;211
GeForce 405;210
Quadro FX 580;210
GeForce Go 7800 GTX;209
RADEON HD 6350;209
Radeon HD 4650 AGP;207
Radeon HD 7340;207
GeForce 8700M GT;206
Quadro FX 4500;206
Barco MXRT 1450;205
2nd Generation SandyBridge HD 3000;205
Radeon HD 3670;205
Quadro NVS 320M;204
GeForce 9600M GT;203
GeForce 7950 GX2;201
Quadro FX 380M;201
Mobility Radeon HD 545v;199
RADEON HD7450;199
GeForce G210M;198
Radeon HD 6320M;198
Radeon HD 7340G;196
Radeon HD 8180;195
Infoshock HD;193
Radeon HD 8210E;193
Radeon HD 6430M;192
Mobility Radeon HD 2600 XT;191
Mobility Radeon HD 4550;191
GeForce 305M;190
Quadro 400;190
Mobility Radeon HD 540v;188
Radeon HD 6450;187
GeForce 505;186
GeForce 8400 GS;185
GeForce 7600 GS;184
NVS 2100M;184
Radeon HD 6300M;184
VIA/S3G C-645/640 GPU;183
GeForce 7600 GT;181
Mobility Radeon HD 5430;181
NVS 300;181
Barco MXRT 7100;180
Radeon HD 7310G;180
FireGL V3600;179
GeForce GT 325M;179
FirePro 3D V3700;178
GeForce G105M;178
GeForce 7800 GS;177
GeForce Go 7900 GS;176
Mobility Radeon HD 530v;174
Radeon HD 7310 - Carte graphique;174
Quadro FX 1500M;171
Radeon HDG 4670;170
GeForce 8600 GT;169
GeForce 8600M GT;168
GeForce G210;168
Mobility Radeon HD 2600;167
GeForce 9500M G;166
Radeon HD 7310M;166
GeForce 315M;165
GeForce Go 7600 GT;165
HD manual-gen9_2015-133271;165
GeForce 9600M GS;164
Radeon E6465;164
Radeon HD 6320;158
Quadro FX 380 LP;156
Mobility Radeon HD 4570;155
Quadro FX 1500;155
Radeon HD 4300/4500 Serisi;155
Quadro FX 1700;154
GeForce GT 320M;153
Radeon X1950 CrossFire Edition;151
GeForce 310M;150
Radeon HD 3650 AGP;150
Radeon HD 7310;150
Mobility Radeon HD 4350;148
Quadro FX 3450;148
Quadro FX 380;148
Radeon R5 220;148
GeForce 9500 GT;147
GeForce Go 7700;147
ZX Chrome 645/640 GPU;147
Radeon X1900 GT;145
GeForce 310;144
Quadro FX 570M;144
NVS 3100M;143
GeForce 6800 GT;142
Radeon HD 3470;142
GeForce 8600 GS;141
GeForce 9400 GT;141
nForce 760i SLI;140
Radeon HD 4290;140
Radeon HD 6290M;140
Radeon HD 7290;140
Radeon X1800 GTO;140
GeForce 9400;139
Haswell HD - GT2;139
GeForce 6800 Ultra;138
Mobility Radeon HD 3650;138
Radeon HD 6290;138
GeForce 6800 GS;137
GeForce Go 6800 Ultra;137
Radeon X1900 CrossFire Edition;137
GeForce 8500 GT;136
Mobility Radeon HD 4330;135
EAH5450;134
GeForce 7650 GS;134
GeForce 9800 GT 1024MB;134
Mobility Radeon X1900;134
Quadro FX 3450/4000 SDI;134
Radeon HD 4350;132
GeForce G200;131
MOBILITY RADEON X1800;130
RADEON X800 SE;129
FireGL V7300;128
GeForce 9300 / nForce 730i;128
Radeon HD 4330;128
All-in-Wonder X1900;127
GeForce Go 7600;127
GeForce 205;126
GeForce 9300;126
Radeon HD 3300;126
M76M;124
Radeon HD 6310;124
Seria Mobility Radeon HD 3400;124
GeForce 8600M GS;123
GeForce 9400M G;123
Haswell HD - GT1;123
Matrox G200e WDDM 2.0;123
Radeon HD 7290M;123
Radeon HD 4250;122
Extreme AX850 PRO;120
Radeon HD 2400;120
GeForce 9500M GS;119
Radeon HD 6250;119
GeForce 9400M;118
Radeon HD 2400 XT;118
RV530 PRO;118
FireMV 2260;117
Mobile 45 Express-Chipsatzfamilie;117
FireGL V7200;116
Media Accelerator HD;116
PHDGD Quantic C3;116
Radeon X1700 Targa Edition;116
Quadro FX 570;115
Radeon X1600 XT;115
FireGL V5200;114
GeForce Go 7800;114
Radeon HD 2400 Pro;114
Quadro FX 560;113
FirePro 2260;112
GeForce 6800;112
GeForce G 105M;112
HD Modded;112
Radeon X1950 Pro;112
Sapphire RADEON X800 GT;112
Mobility Radeon HD 3400 Serisi;111
Radeon HD 4200;111
FireGL V7350;110
Radeon HD 2600 Pro AGP;110
GeForce 6800 LE;109
Radeon HD 4270;109
VIA/S3G Chrome 645/640 GPU;109
XFX Radeon HD 4650 AGP;109
GeForce 7300 GT;108
Quadro FX 370 LP;108
GeForce Go 6800;106
Radeon Infoshock 3000;106
Radeon X1950 GT;106
GeForce9400M;105
GeForce 210;104
GeForce 9450;104
GeForce G 103M;104
M880G with Mobility Radeon HD 4250;104
Mobility Radeon X1700;104
Quadro FX 3400/4400;104
FireGL V3400;103
GeForce 9500M;103
Quadro FX 1400;103
GeForce 6800 GS/XT;102
Mobility Radeon HD 2400 XT;102
Quadro FX 370 Low Profile;102
GeForce 6800 XT;101
Quadro FX 4000;101
Quadro FX Go1400;101
GeForce 6600 GT;100
GeForce 8400;100
GeForce 9300 GE;100
GeForce G100;99
GeForce 8400M GT;98
Mobility Radeon HD 3430;98
Mobility Radeon HD 4250;98
Quadro NVS 420;98
Radeon 3000;98
Radeon X1600 Pro;98
GeForce 9300GE;97
ION;97
ION LE;97
RADEON X800 XT;97
Matrox G200eW3 WDDM 2.0;96
Mobility Radeon HD serie 4200;96
Quadro NVS 295;96
GeForce 6700 XL;95
Radeon HD 3000;95
MEDION RADEON X740XL;94
GeForce 9300M GS;93
GeForce G102M;93
Matrox G200eh WDDM 2.0;93
Mobility Radeon HD 3470;93
Mobility Radeon HD 3470 Hybrid X2;93
Quadro FX 370M;93
FireGL V5100;92
M880G with Mobility Radeon HD 4200;92
Mobility Radeon HD 4270;92
Mobility Radeon X1600;92
nForce 780a SLI;92
Quadro NVS 150M;92
GeForce 8300;91
GeForce 9300 GS;91
GeForce G205M;91
Q45/Q43 Express Chipset;91
Mobility Radeon HD 3450;91
Quadro NVS 160M;91
Quadro NVS 450;91
RADEON X600XT;91
Mobility Radeon HD 4200;90
Quadro NVS 290;90
Mobility Radeon HD 2400;89
Quadro NVS 140M;89
GeForce 6610 XL;88
Quadro FX 360M;86
Quadro FX 350;85
ALL-IN-WONDER X800 GT;84
FireGL V3200;84
GeForce 9200M GS;84
GeForce 9300M G;84
Radeon X1300 PRO;84
Radeon X1650 Pro;84
RADEON X800 GT;84
GeForce 999 GTX;83
nForce 750a SLI;83
Quadro FX 370;83
Radeon HD 3200;82
GeForce 8400M GS;81
GeForce 9100;81
GeForce 9300 SE;81
MOBILITY FireGL V5000;81
Mobility Radeon 4100;81
Mobility Radeon X2500;81
nForce 980a/780a SLI;81
RADEON X800 XT Platinum Edition;81
RADEON X850 XT;81
RADEON X850 XT Platinum Edition;81
GeForce 9200;80
GeForce 9200M GE;80
Quadro FX 540;80
GeForce 8100 / nForce 720a;79
GeForce 8200;79
RADEON X800GT;79
Radeon HD 3450;78
Radeon HD 2350;76
RADEON X800 GTO;76
M860G with Mobility Radeon 4100;75
RADEON X700 PRO;75
GeForce 7350 LE;74
GeForce 9100M G;74
Radeon X1650 GTO;74
FireMV 2450;73
Mobility Radeon HD 4300 Serisi;73
Radeon 3100;73
RADEON X800 PRO/GTO;73
RADEON X700;72
RADEON X850 PRO;72
FireGL V7100;71
M880G with Mobility Radeon HD 4225;71
MEDION RADEON 9800 XXL;71
Radeon X1650 SE;71
RADEON X700 SE;71
Diamond X1300-PCIE 256MB;70
FireGL V3300;70
Radeon X550XTX;70
BASICDISPLAY;69
GeForce 7500 LE;69
GeForce Go 6600;69
G45/G43 Express Chipset;69
Quadro FX 3000;69
Radeon X1600 Pro / X1300XT;69
RADEON X800 XL;69
FireGL V3350;68
GeForce 8400 SE;68
256MB RADEON X600;67
G45/G43/G41 Express Chipset;67
Matrox G200eR WDDM 1.2;67
Matrox G200eR WDDM 2.0;67
128MB DDR Radeon 9800 Pro;66
GeForce 7300 GS;66
GeForce 8300 GS;66
Mobility Radeon HD 4225;66
MOBILITY RADEON X700;66
Radeon X1550;66
M71-M;64
RADEON X800 PRO;64
B43 Express Chipset;63
Quadro FX 550;63
128 DDR Radeon 9800 Pro;62
GeForce 6600;62
GeForce Go 7400;62
HD manual-15.28-1861;62
MOBILITY FireGL V3200;62
Mobility Radeon HD 3410;62
Quadro FX 350M;62
SAPPHIRE Radeon X1550;61
FireGL X1;59
GeForce FX 5950 Ultra;59
Matrox G200e WDDM 1.2;59
MOBILITY RADEON X700 XL;59
Quadro NVS 130M;59
Radeon 2100;59
RADEON 9800 PRO;59
GeForce 6800 XE;58
GeForce 8400M G;58
Radeon X1300;58
- Express Chipset Q45/Q43;57
G41 Express Chipset;57
G41 Express-Chipsatz;57
Q45/Q43 Express-Chipsatz;57
RADEON 9800;57
GeForce 8200M G;56
- Express Chipset G41;56
Quadro NVS 135M;56
RADEON 9800 XT;56
RADEON X550XT;56
RADEON X600 256MB HyperMemory;56
GeForce 7300 LE;55
RADEON 9700 PRO;53
FireGL V3100;52
Radeon Xpress 1300;52
FirePro 2450;51
GeForce 6600 LE;51
GeForce FX Go5700;51
Matrox G200eh WDDM 1.2;51
RADEON E2400;51
GeForce Go 7300;50
Matrox G200eW WDDM 1.2;50
Mobility Radeon HD 2300;50
MOBILITY RADEON X600;50
RADEON X550;50
128MB RADEON X600 SE;49
MOBILITY RADEON X600 SE;49
Radeon X1050;49
Radeon X1600;49
Mobility Radeon X2300;48
Mobility Radeon X2300 HD;48
Quadro NVS 110M;47
Radeon X1550 64-bit;47
SAPPHIRE RADEON 9600 ATLANTIS;47
MOBILITY RADEON 9800;46
Quadro NVS 120M;46
FireMV 2250;45
GeForce Go 7200;45
128 DDR Radeon 9700 TX w/TV-Out;44
GeForce 6200;44
GeForce Go 6600 TE/6200 TE;44
Mobile 4 Express-Chipsatzfamilie;44
Mobile serie 4 Express;44
MOBILITY FireGL V5200;44
GeForce 7100 GS;43
Mobile 45 Express;43
GeForce 7300 SE/7200 GS;42
Matrox G200eW;42
Mobility Radeon X1400;42
RADEON 9600 PRO;42
Radeon Xpress 1250;42
GeForce FX 5900 Ultra;41
RADEON 9500 PRO / 9700;41
GeForce FX 5700;40
GeForce FX 5900XT;40
Gigabyte RADEON X300;40
Matrox G200eh;40
MOBILITY FIREGL T2;40
Radeon Xpress 1300M;40
GeForce 7300 SE;39
GIGABYTE RADEON 9600 PRO;39
MOBILITY RADEON 9600/9700;39
Mobility Radeon X1300;39
Mobility Radeon X1350;39
S3 Chrome 430 ULP;39
GeForce 6500;38
Mobile - famiglia Express Chipset 45;38
Quadro NVS 285 128MB;38
RADEON X300SE;38
256MB DDR Radeon 9800 XT;37
Quadro NVS 440;37
Radeon X1250;37
CONNECT 3D RADEON X300;36
FireMV 2200 PCIe;36
Matrox G200eR;36
MOBILITY RADEON 9600;36
RADEON 9500;36
Quadro FX 1100;35
Quadro NVS 285;35
RADEON 9600 XT;35
Radeon Xpress 1200;35
GeForce FX 5700 Ultra;34
GeForce FX 5900;34
GeForce PCX 5750;34
GeForce PCX 5900;34
Quadro FX 1000;34
Quadro FX 1300;34
RADEON 9550;34
Radeon Xpress 1100;34
GeForce 6200 TurboCache;33
GeForce 7150 / nForce 630i;33
GeForce FX 5700VE;33
MOBILITY FIREGL T2/T2e;33
Mobility Radeon X1450;33
MOBILITY RADEON X300;33
GeForce 6150SE nForce 430;32
GeForce 6200 A-LE;32
GeForce 7025 / nForce 630a;32
GeForce FX 5900ZT;32
Media Accelerator;32
Matrox M9138 LP PCIe x16;32
Radeon X1200;32
GeForce 7050 / nForce 620i;31
GeForce 7100 / nForce 630i;31
Radeon X1270;31
Red Hat QXL controller;31
All-in-Wonder X1800XL;30
FireGL T2-128;30
G35 Express;30
MOBILITY RADEON 9550;30
OpenXT Display Driver;30
Radeon 9550 / X1050;29
Radeon Xpress 1150;29
RADEON XPRESS 200;29
GeForce 6200SE TurboCache;28
GeForce 7050 / nForce 610i;27
GeForce 7050 / nForce 630i;27
MOBILITY FireGL V5250;27
MOBILITY RADEON 9700;27
MOBILITY RADEON XPRESS 200;27
RADEON 9600SE;27
GeForce 6200 LE;26
GeForce 7100 / nForce 620i;26
RADEON 9600 PRO Family;26
Radeon Xpress 1270;26
GeForce 6100 nForce 400;25
GeForce 6100 nForce 420;25
Matrox M9125 PCIe x16;25
PHDGD Sapphire GR for Mobile 965;25
RADEON 9600 Family;25
GeForce 6150SE;24
GeForce FX 5700LE;24
GeForce Go 6400;24
Mobile 965 Express-Chipsatzfamilie;24
MOBILITY RADEON 9600 PRO TURBO;24
ALL-IN-WONDER 9800;23
GeForce 6100 nForce 430;23
GeForce 7200 GS;23
Matrox M9140 LP PCIe x16;23
Quadro NVS 210S;23
RADEON 9800 SE;23
GeForce 6100 nForce 405;22
GeForce 7050 PV / nForce 630a;22
RADEON A9800XT;22
RADEON XPRESS 200M;22
9xx Soldiers sans frontiers Sigma 2;21
GeForce 6100;21
GeForce 6150;21
GeForce 6150 LE;21
Mobile 965 Express;20
PHDGD Solo 2 x64;20
Quadro NVS 210S / GeForce 6150LE;20
Matrox M9120 PCIe x16;19
GeForce 7150M / nForce 630M;18
G965 Express;18
Quadro FX 2000;18
QXL KMDOD;18
RADEON 9600 TX Family;18
RADEON XPRESS 200 CROSSFIRE;18
S3 Chrome S25 DDR2;18
GeForce FX 5600 Ultra;17
GeForce FX Go 5600;17
GeForce Go 6100;17
GeForce Go 6150;17
Mobile Intel965 Express;17
GeForce FX Go5650;16
GRID V100-8Q;16
GeForce Go 6200;15
NV44;15
Quadro FX 500/600 PCI;14
Radeon HD 2400 PCI;14
GeForce 7000M;13
GeForce 7000M / nForce 610M;12
GeForce FX 5200 Ultra;12
GeForce FX 5600;12
GeForce FX Go5300;12
FireMV 2400 PCIe;11
GeForce FX 5200SE;11
PHDGD Solo 1.2.0 x86;11
RGH Drivers v3;11
Familia Q33 Express Chipset;10
Q33 Express;10
Master X3100 Driver;10
Matrox Millennium P690 PCIe x16;10
MOBILITY IGP 9000/9100;10
VIA Chrome9 HD IGP;10
ASUS A7000;9
GeForce FX 5600XT;9
Q35 Express;9
Matrox M9148 LP PCIe x16;9
Matrox Parhelia 256MB;9
GeCube RADEON 7000;8
GeForce FX 5500;8
GeForce FX Go 5200;8
82945G Express-Chipsatzfamilie;8
Q35 Embedded;8
Mobile 965 Express - BR-0907-0461 v1839;8
Quadro NVS 280 PCI;8
ASUS V9520-X V62.11;7
Famille de jeu de puces Express 946GZ;7
GeForce FX 5100;7
GeForce FX 5200;7
GeForce FX 5200LE;7
GeForce4 Ti 4400;7
US15 Embedded Media and Controller;7
MOBILITY RADEON 9000 IGP;7
Quadro FX 500/FX 600;7
GeForce PCX 5300;6
GeForce2 Ultra;6
GeForce4 MX Integrated GPU;6
GeForce4 Ti 4800 SE;6
946GZ Express;6
G33/G31 Express;6
Media Accelerator 600;6
Q965/Q963 Express;6
Matrox Millennium P690 Plus LP PCIe x16;6
MOBILITY RADEON 7000 IGP;6
Quadro NVS 55/280 PCI;6
Quadro4 380 XGL;6
RADEON 8500 Family;6
RADEON 9100 Family;6
RADEON IGP 350M;6
V9560XT V62.11;6
64MB DDR GeForce3 Ti 200;5
ALL-IN-WONDER RADEON 8500DV;5
GeForce 256;5
GeForce4 420 Go 32M;5
GeForce4 440 Go 64M;5
GeForce4 448 Go;5
GeForce4 Ti 4200;5
GeForce4 Ti 4600;5
GeForce4 Ti 4800;5
82915G Express;5
82945G Express;5
Matrox M9120 Plus LP PCIe x16;5
Matrox M9128 LP PCIe x16;5
Matrox Millennium P650 PCIe 128;5
Matrox Parhelia APVe;5
Mobile 945GM Express;5
Mobile 945GM/GU Express;5
MOBILITY RADEON 9000/9100 IGP;5
Quadro 280 NVS PCIe;5
Quadro4 980 XGL;5
RADEON 9100 IGP;5
SAPPHIRE RADEON 9000 ATLANTIS PRO;5
VIA/S3G UniChromeII;5
Xabre;5
ALL-IN-WONDER 9000;4
ASUS AGP-V3800PRO v31.40H;4
Dell 8200;4
GeForce2 Go;4
GeForce2 Integrated GPU;4
GeForce2 MX with DVI-D and TV-out;4
GeForce2 Ti;4
GeForce3;4
GeForce3 Ti 200;4
GeForce4 440;4
GeForce4 MX 4000;4
GeForce4 MX 420;4
GeForce4 MX 440;4
GeForce4 MX 440 with AGP8X;4
GeForce4 MX 440SE;4
GeForce4 MX 460;4
82865G Controller;4
915G,910G Express;4
915G/915GV/910GL Embedded Controller Functio;4
945G Embedded Chipset Function 0;4
Mobile 915GM/GMS/910GML Express;4
Mobile 945 Express;4
MOBILITY FIREGL 7800;4
MOBILITY/RADEON 9000;4
Quadro2 MXR/EX;4
Quadro4 900 XGL;4
RADEON 7500 Family;4
RADEON 9000;4
VIA Chrome9 HC IGP;4
VIA/S3G KM400/KN400;4
VIA/S3G UniChrome IGP;4
VIA/S3G UniChrome Pro IGP;4
WinFast A250 LE;4
XGI Volari Family v1.13.23.D_V;4
ABIT Siluro T400;3
AMIGAMERLIN 3.1-R1 For Voodoo 4 4500 PCI;3
GeForce 6200A;3
GeForce2 GTS/GeForce2 Pro;3
GeForce2 MX 100/200;3
GeForce2 MX/MX 400;3
GeForce4 420 Go;3
GeForce4 4200 Go;3
GeForce4 440 Go;3
82915G/915GV/910GL;3
82915G/GV/910GL Express;3
865 Embedded Controller;3
946GZ Embedded Chipset Function 0;3
Media Accelerator 500;3
Matrox Parhelia 128MB;3
MOBILITY RADEON 7500;3
MOBILITY RADEON 9000;3
MOBILITY RADEON 9200;3
RADEON 7000 / RADEON VE Family;3
RADEON 7500;3
RADEON 9000 Family;3
RADEON 9200;3
RADEON IGP 320;3
Radeon IGP 320M;3
Rage Fury Pro/Xpert 2000 Pro;3
RIVA TNT2 Model 64/Model 64 Pro;3
RIVA TNT2/TNT2 Pro;3
S3 Inc. Savage4;3
Vanta/Vanta LT;3
VIA Chrome9 HC IGP Family;3
VIA Chrome9 HC IGP Family WDDM;3
VIA/S3G DeltaChrome IGP;3
64MB GeForce2 MX with TV Out;2
Dell 8100;2
GeForce2 MX;2
GeForce3 Ti 500;2
82845G Controller;2
82845G/GL Controller;2
82845G/GL/GE/PE/GV Controller;2
82915G/GV/910GL Advanced v3.5;2
GMA 3150 Express;2
Media Accelerator 3150;2
MOBILITY RADEON 9100 IGP;2
Quadro NVS 280 SD;2
Radeon 7000 / Radeon VE;2
RADEON 7200;2
RADEON 9200 LE Family;2
RADEON 9200 PRO Family;2
RADEON 9200 SE;2
RADEON 9250;2
Radeon IGP 340M;2
RADEON IGP 345M;2
Radeon VE;2
VIA Chrome9 HC IGP Prerelease WDDM 1.1;2
VIA Chrome9 HC IGP WDDM;2
VIA Chrome9 HC IGP WDDM 1.1;2
VIA Chrome9 HC3 IGP;2
FireMV 2200 PCI;1
IGP 340M;1
82852/82855 GM/GME Controller;1
Extreme Controller;1
Quadro2 Pro;1
RADEON IGP 34xM;1
Rage 128 Pro;1
RAGE 128 PRO AGP 4X TMDS;1
S3 ProSavageDDR;1
S3 SuperSavage/IXC 1014;1
VIA Chrome9 HCM IGP;1
VisionTek Radeon 7000;1